file_path,page_count,total_chars,total_words,text_sample,technical_score,structure_score,content_score,overall_score,issues,is_text_based,sample_id,faculty,file_size,error
G:\.shortcut-targets-by-id\1cErCnP4Phe-Supo0U_ju1u-KMunC6Et6\Tau All Data\aws\part9\990032760270204146\12397338490004146\3276027.pdf,108,108,0,"











































































































",75,70,100,81.66666666666667,[],FALSE,990032760270204146,"החוג לכלכלה,",1953353,
G:\.shortcut-targets-by-id\1cErCnP4Phe-Supo0U_ju1u-KMunC6Et6\Tau All Data\aws\part2\9932942199904146\12394700650004146\9932942199904146.pdf,25,35410,4749," 
 
 
 
 
 
 
 
 
 
נושא
 
העבודה:  
 
שכיחות
 
תופעתInvaginatus Dens 
  והופעתה
 
בשילוב
  עם 
מאפיינים
 
מורפולוגים
 
כותרתיים
 
בחותכות 
 
עליונות.   
 
Prevalence of Dens Invaginatus and its Association with Clinical Morphological  
 
Features of Maxillary Incisors 
 
 
 
עבודת
 
גמר
  של 
הבוגרת: 
 
לובנה
 
נאטור
 
 
במסגרת
ביה 
""ס 
לרפואת
 
שיניים
 ע""ש 
מוריס
 
וגבריאלה
 
גולדשלגר
 
כמילוי
 
חלקי
  של 
הדרישות
 
לקבלת
 
התואר
 
 
דוקטור
 
לרפואת
 
שיניים
 
מטעם
 
אוניברסיטת
תל -אביב
. 
 
 ",75,55,60,63.333333333333336,"['Multiple empty lines', 'Page numbers in content', 'Repeated headers/footers']",TRUE,9932942199904146,"בית הספר לרפואת שיניים על שם מוריס וגבריאלה גולדשלגר,",4347503,
G:\.shortcut-targets-by-id\1cErCnP4Phe-Supo0U_ju1u-KMunC6Et6\Tau All Data\aws\part2\9932960495404146\12394878950004146\9932960495404146.pdf,114,175343,27074,"- SJi fl)’t13’flN 
t’p’’1h D’Y1h5 n5pn 
tW 	
fl?Dflflflfl 	
n-F - 
fl 1 - • flP?3 	
fl 1 n  1 L3PL3 ' 1flt 	
n 1 	
• zi -17M 
1N1J1I1 nklpS 1D - nilavD t)1fl fl? 
iii'n 
M.Sc - ""t’V1D5 7n1n"" 
awaN 	
531 31’D’DlI’)lNI 
np’nnn5 i1nn 
1n5’7’n ’01 
- 531 fl\’Q1I’)1k3 .1)1fl fl7lIV.1 
,wflIl , 01, 01; 
1 11 nl1nI 
1986 	
1DhYy 

'run' nil my 'nna5 niini 'n-yin 
', p, flflv pi’ofli flDlTflfl 
5P 
n-yinpn 112Dfln 

5W 	
flfl 7111)D 	
'lt)'I 'I'S rima 7 5 7 pO T1' y Se, nOVU 112Rfl3fl xiinxinnn 
.13 IV ",75,80,75,76.66666666666667,['Page numbers in content'],TRUE,9932960495404146,"בית הספר למדעי המתמטיקה,",2778833,
G:\.shortcut-targets-by-id\1cErCnP4Phe-Supo0U_ju1u-KMunC6Et6\Tau All Data\aws\part10\990023999530204146\12395425150004146\2399953.pdf,142,279038,45976," תשומותיהם של עובדים סוציאליים לדיוני ועדת הכנסת1
 
 
 
 
אוניברסיטת תל אביב 
בית הספר לעבודה סוציאלית ע""ש בוב שאפל 
 
 
 
 תשומותיהם
של עובדים סוציאליים ב
דיוני 
""ועדת העבודה ,הרווחה והבריאות"" בכנסות ה-
51
 וה- 
51
 
 
 
חיבור זה הוגש כעבודת גמר לקראת התואר  ""מוסמך אוניברסיטה בעבודה סוציאלית"" 
באוניברסיטת תל אביב 
 
על ידי 
סטל רים 
 
 העבודה
הוכנה בהדרכת 
פרופ 'עידית וייס-גל 
 
 
פברואר 
3102
 

 תשומותיהם של עובדים סוציאליים לדיוני ועדת הכנסת2
 
 
 
 
אוניברסיטת תל אביב 
בית הספר לעבודה סוציא",100,30,60,63.333333333333336,"['Multiple spaces', 'Multiple empty lines', 'Page numbers in content', 'Repeated headers/footers']",TRUE,990023999530204146,"בית הספר לעבודה סוציאלית ע""ש בוב שאפל",1809145,
G:\.shortcut-targets-by-id\1cErCnP4Phe-Supo0U_ju1u-KMunC6Et6\Tau All Data\aws\part6\9933217994704146\12405984680004146\מיסוי בשירות הפלורליזם - עינת סולניק.pdf,223,620528,98850,"1 
 
 
 
הפקולטה למשפטים
 
מרכז צבי מיתר ללימודי משפט מתקדמים
 
 
 
 :מיסוי בשירות הפלורליזם
 
מנגנון מתן הטבות מס בעבור תרומות
 
 )תחולתו של סעיף46
 
(לפקודת מס הכנסה
 
 
מאת עינת סולניק
 
ובהנחיית פרופסור יורם מרגליות
 
 
 
""חיבור לשם קבלת התואר ""דוקטור לפילוסופיה
 
 
 
 
 
 הוגש לסנאט
אוניברסיטת תל אביב בתאריך:
  
__  אפריל  2019
  

2 
 
תוכן עניינים
 
 
תקציר
 )4( 
מבוא
 )10
( 
 
פרק א: התועלת שבמנגנון מתן הטבות מס בעבור תרומות
 )13
( 
.א ההצדקות שבמחקר למנגנון מתן הטבות מס בעבור תרומות
 )1",75,30,50,51.666666666666664,"['Multiple spaces', 'Multiple empty lines', 'Page numbers in content', 'Repeated headers/footers']",TRUE,9933217994704146,הפקולטה למשפטים,1950499,
G:\.shortcut-targets-by-id\1cErCnP4Phe-Supo0U_ju1u-KMunC6Et6\Tau All Data\aws\part11\990025576540204146\12396424440004146\2557654.pdf,151,157730,24985,"I ' 
VLlt.:j~t1 
"" 
I 
•
""""'CI.:""L 
SJ76·SS~ 
•• 
l!j(tlU! l!lCtl! t:l!1.LCU U, H"" lLli:CUL 
j(l, do.L l!U! tL-Lli:Ll 
I,LlLHU l!UlHL lI[llO[lL calA, l!Ut:Ll!1I - a""N"" OIlC,t:LOLCIU UnH 
U,tlL lU l!lf~ CJ(tlLU faL 
nc:. 
L!Ltmu L!L!KCIc:ic:iIU  
L!HILt:I:.  
l![lLCl 1,~,[llL'O HlLtt""O 
a.CllLl 44 Q.4~ UQ.Q
l!IiLllI,OO l,[llA, l!ut:Ll! 
l~'C"" 
~U4L 4._ •• QG.L
Ntt,t:LOdIU U""N "" 
j, 
Q4C4 ~UdL 44 4Ll UQ~T\U 
'l'1i:.l LU H 
UIUU ~CI. ,.II 

...  
/' 
U~lLU UlCrU tuLLCU LL. H"" 
lL~tL~L 
~l, <I., ULU",100,80,75,85,['Page numbers in content'],TRUE,990025576540204146,"המרכז ללימודים אורבניים ואזוריים,",3506408,
G:\.shortcut-targets-by-id\1cErCnP4Phe-Supo0U_ju1u-KMunC6Et6\Tau All Data\aws\part14\9933383567504146\12396530420004146\9933383567504146.pdf,181,482185,71827," 
  
אוניברסיטת תל-
 אביב 
בית 
 הספר 
 לחינוך 
ע""ש חיים 
 וג'
 ואן קונסטנטינר 
 
 
 
מאפייני תפקוד מסתגל של ילדים צעירים:   
תרומתם של גורמי סיכון והגנה                                     
ברמת 
,הילד המשפחה 
 וגן הילדים 
 
 
חיבור 
 לשם 
 קבלת התואר ""דוקטור 
 ""לפילוסופיה 
 
 
 
 מאת:
 
איריס חזקיה 
 ברד 
 
 
 
 
 
הוגש לסנאט של אוניברסיטת תל-
 אביב 
 
 
 
 
 
 
אפריל 
2022
 
 
 
 
 

 
 
 
II
 
עבודה 
 זו נעשתה 
 בהדרכת 
 'פרופ 
 מיכל אל-יגון 
  

 
 
 
 
III
 
 תודות 
תודה מקרב לב והערכה רבה",100,30,50,60,"['Multiple spaces', 'Multiple empty lines', 'Page numbers in content', 'Repeated headers/footers']",TRUE,9933383567504146,"בית הספר לחינוך,",3079323,
G:\.shortcut-targets-by-id\1cErCnP4Phe-Supo0U_ju1u-KMunC6Et6\Tau All Data\aws\part2\990022700720204146\12394919800004146\002270072.pdf,72,72,0,"







































































",75,70,100,81.66666666666667,[],FALSE,990022700720204146,"בית הספר לחינוך,",1201808,
G:\.shortcut-targets-by-id\1cErCnP4Phe-Supo0U_ju1u-KMunC6Et6\Tau All Data\aws\part8\9933027499904146\12395216450004146\9933027499904146.pdf,80,123901,19841,"אביב-אוניברסיטת תל
הפקולטה לרפואה ע""ש סאקלר
המדרשה לתארים מתקדמים ע""ש ד ר"" מרים ושלדון ג' אדלסון 
בית ספר למקצועות הבריאות 
החוג לסיעוד 
 לאינסולין: 2 היענות חולי סוכרת מסוג
השפעתם של אמונות בריאותיות 
והאי וודאות על ההיענות 
העובדה מוגשת ע""י: רינת מג'אדלה
עבודה זו בוצעה כמילוי חלקי של הדרישות לקבלת תואר מוסמך בפקולטה לרפואה ע""ש סאקלר 
אביב -אוניברסיטת תל
בהנחייתו של: פרופ' יורם בר טל 
 2018 אוקטובר

 
 תוכן
ה
עניינים
 
 
תקציר
 ................................
................................
.",75,25,50,50,"['Multiple spaces', 'Multiple empty lines', 'Page numbers in content', 'Repeated headers/footers']",TRUE,9933027499904146,החוג לסיעוד,1418113,
G:\.shortcut-targets-by-id\1cErCnP4Phe-Supo0U_ju1u-KMunC6Et6\Tau All Data\aws\part8\990003533110204146\12395376170004146\990003533110204146.pdf,105,105,0,"








































































































",75,70,100,81.66666666666667,[],FALSE,990003533110204146,"בית הספר למוסמכים במינהל עסקים על שם לאון רקנטי,",7960157,
G:\.shortcut-targets-by-id\1cErCnP4Phe-Supo0U_ju1u-KMunC6Et6\Tau All Data\aws\part2\9933023689804146\12395195470004146\9933023689804146.pdf,134,261654,40647," 
אוניברסיטת תל אביב 
הפקולטה לאמנויות ע""ש דוד ויולנדה כץ 
החוג לתולדות האמנות 
 
 
 
 
בית-
( הסקרמנט מכנסיית גבירתנוUnsere Liebe Frau
 ) בבמברג
(
Bamberg) בראי אסתטיקה של עובדות 
 
 
( ""חיבור זה הוגש כעבודת גמר לקראת התואר ""מוסמך אוניברסיטהM.A
)  
באוניברסיטת תל אביב 
 
 
 
 
 
את מ :מאשה גולדין 
בהנחיית: פרופ' אסף פינקוס 
 
 
 
 
 ספטמבר2019
 

 
אוניברסיטת תל אביב 
הפקולטה לאמנויות ע""ש דוד ויולנדה כץ 
החוג לתולדות האמנות 
 
 
 
 
בית-
( הסקרמנט מכנסיית גבירתנוUnsere Liebe Frau) בבמברג 
(
Bam",75,30,50,51.666666666666664,"['Multiple spaces', 'Multiple empty lines', 'Page numbers in content', 'Repeated headers/footers']",TRUE,9933023689804146,"החוג לתולדות האומנות,",8731314,
G:\.shortcut-targets-by-id\1cErCnP4Phe-Supo0U_ju1u-KMunC6Et6\Tau All Data\aws\part8\990023475560204146\12395271000004146\002347556.pdf,172,20016,2248,"J.1J.N-7n nlJ 1 0lJ.1JIN 
l'lJlN. 1'mo11lJ0'7 \!.1
11.IJ nnil •ir1n'7 illJ71j79il 
il'lllJO'il7 190il n•J. 
D""TNil nJ.1J.OI il'9l;IIN.';17 ;\lnil 
11il 19101'7 19'7 lllJj7n"" 1Nrnil n'7J.j7 D\!.17 \!J;llil ilr 11J. 1n 
J.'J.N '7n no•o-n1)INJ. 
:n)l""TilJ. ilDlil il""TIJ.l.lil
2011 
'N.Y.l

 
 


8 ....................................................................................................................... N11n 
20 ............................................... c11n n,1N) m1n11il :n•-nnil",75,65,75,71.66666666666667,['Page numbers in content'],FALSE,990023475560204146,"החוג לגיאוגרפיה,",36109227,
G:\.shortcut-targets-by-id\1cErCnP4Phe-Supo0U_ju1u-KMunC6Et6\Tau All Data\aws\part9\990032644780204146\12397321950004146\003264478.pdf,86,199753,33365," 

1
 
 
תוכן עניינים 
 
מבוא   
................................
................................
................................
................................
.............................
 2
 
1.
 אפיון 
................................
................................
................................
................................
......................
 6
 
.א ילד הורי, פרנטיפי
קציה והיפוך תפקידים בספרות המקצועית 
................................
................................
.....",75,55,70,66.66666666666667,"['Multiple empty lines', 'Page numbers in content', 'Repeated headers/footers']",TRUE,990032644780204146,החוג לקולנוע וטלויזיה,1939883,
G:\.shortcut-targets-by-id\1cErCnP4Phe-Supo0U_ju1u-KMunC6Et6\Tau All Data\aws\part7\9933609113904146\12433893680004146\9933609113904146.pdf,153,153,0,"
























































































































































",75,70,100,81.66666666666667,[],FALSE,9933609113904146,"המחלקה להנדסת תעשייה,",2397470,
G:\.shortcut-targets-by-id\1cErCnP4Phe-Supo0U_ju1u-KMunC6Et6\Tau All Data\aws\part13\9933233394404146\12395888000004146\9933233394404146.pdf,139,281556,46477," 
 
אוניברסיטת תל-אביב 
 
הפקולטה למדעי החברה ע""ש גרשון גורדון 
החוג ל
מדע המדינה 
 
גזענות אזרחית 
מידת הקשר בין גזענות למחשבה מדינית 
 
חיבור זה הוגש כעבודת גמר לקראת התואר 
""
 ""מוסמך אוניברסיטה- מ.א. 
באוניברסיטת תל-אביב 
 
על ידי 
רון ר. גרינולד 
 
 דצמבר0202
 
 
 
 
 

 
 
אוניברסיטת תל-אביב 
 
הפקולטה למדעי החברה ע""ש גרשון גורדון 
החוג ל
מדע המדינה 
 
גזענות אזרחית 
מידת הקשר בין גזענות למחשבה מדינית 
 
חיבור זה הוגש כעבודת גמר לקראת התואר 
""
 ""מוסמך אוניברסיטה- מ.א. 
באוניברסיטת תל-אביב 
",100,55,50,68.33333333333333,"['Multiple spaces', 'Multiple empty lines', 'Page numbers in content', 'Repeated headers/footers']",TRUE,9933233394404146,"בית הספר למדע המדינה, ממשל ויחסים בינלאומיים",947242,
G:\.shortcut-targets-by-id\1cErCnP4Phe-Supo0U_ju1u-KMunC6Et6\Tau All Data\aws\part7\9933628717604146\12436354260004146\אורטל סנקר 9933628717604146.pdf,56,136916,21450," 
 
אוניברסיטת תל -
 אביב 
 הפקולטה למדעים מדויקים 
 ע""ש ריימונד ובברלי סאקלר 
 
 
 
 
 
:הנושא 
 
 
 השיקולים שנשקלים על ידי
הועדה לשמירת הסביבה החופית 
 בעת יישום חוק שמירת הסביבה
החופית  
 
  
  
 חיבור זה הוגש כחלק מהדרישות לקבלת התואר 
 ""מוסמך( ""אוניברסיטהM.A) באוניברסיטת תל -
 אביב 
בבית הספר לסביבה ומדעי כדור הארץ ע""ש פורטר 
 בחוג ללימודי הסביבה 
  
 
  
 על ידי 
  
 
 אורטל סנקר 
  
  
  
:העבודה הוכנה בהנחיית 
  
  
  
 
 
 
 
 
 
2023
 
  
  
 
 
פרופ""ח מישל פורטמן 
הפקולטה לארכיטקטורה",75,55,70,66.66666666666667,"['Multiple empty lines', 'Page numbers in content', 'Repeated headers/footers']",TRUE,9933628717604146,"החוג ללימודי הסביבה,",698533,
G:\.shortcut-targets-by-id\1cErCnP4Phe-Supo0U_ju1u-KMunC6Et6\Tau All Data\aws\part16\990030433740204146\12397080200004146\003043374.pdf,184,596,48,"ClCOCL 966T 
l!C\ClLL! L!lCCL! CL!LLCL.rl fi\t:; GllG, <.fi\LNt:; Llt::; 
itW ,L, NOU'L (lc(Q
11CTlaCTl Nl(<.CLO,C\L.!11 - v·w t:NlC,t:LO,C\Lr LrX Nt:,c 
u,t:ll iu L!lt'(i\ CC\ClLLr t'CTL t::;c!LNLC L!U'lNL 
L:.L-,a4, t?. 4&...t&.44 tt.f&...tu.c L:.4w0,,u 
UUlt £;X<.C'fll<.O dY0<.04 Nt..C<.Nl£;lt<.U 
c,Lr ac;L t::;L!OC\lL<.L! l\1/fi\ it::;al NLl 
L!Gc!Lt::;C\L! t::;CTLI'(, L!LlU 
NlCCLO<.C\U' Lrt::; NC<.C 
























































































",60,70,75,68.33333333333333,[],FALSE,990030433740204146,לא ידוע,49163473,
G:\.shortcut-targets-by-id\1cErCnP4Phe-Supo0U_ju1u-KMunC6Et6\Tau All Data\aws\part4\9933299899204146\12396140540004146\9933299899204146.pdf,50,81096,12858," 1
אוניברסיטת תל אביב 
הפקולטה למדעי החברה 
     התכנית לניהול סכסוכים וגישור
 : אחריות הורית ומגדר
 השוואת עמדות בין שנים
 
2012-1994 
 עבודת גמר- 
      המסלול המחקרי במסגרת התואר לגישור ויישוב סכסוכים
  מנחה: פרופ' הדס מנדל
ברזילי-ידי: מיה פישר-  מוגש על

 2
אוניברסיטת תל אביב 
הפקולטה למדעי החברה 
     התכנית לניהול סכסוכים וגישור
 : אחריות הורית ומגדר
 השוואת עמדות בין שנים
 
2012-1994 
 עבודת גמר- 
      המסלול המחקרי במסגרת התואר לגישור ויישוב סכסוכים
  מנחה: פרופ' הדס מנדל
ברזילי-ידי: מי",100,45,60,68.33333333333333,"['Multiple spaces', 'Multiple empty lines', 'Page numbers in content', 'Repeated headers/footers']",TRUE,9933299899204146,"התוכנית הבינלאומית ליישוב סכסוכים וגישור,",1338997,
G:\.shortcut-targets-by-id\1cErCnP4Phe-Supo0U_ju1u-KMunC6Et6\Tau All Data\aws\part14\990028416820204146\12396710430004146\2841682.pdf,70,118929,17966,"
 
 
 
תוכן העניינים 
 
 
........................................................................................................................תקציר......................
1
 
1
.............................................. סקירת הספרות ...............................................................................
2
 
1.1
 
........................................................................................................................ מבוא...........
2  
1.2
 
......... יכולת הקשב המ",75,45,50,56.666666666666664,"['Multiple spaces', 'Multiple empty lines', 'Page numbers in content', 'Repeated headers/footers']",TRUE,990028416820204146,"Department of Communication Disorders,",1270610,
G:\.shortcut-targets-by-id\1cErCnP4Phe-Supo0U_ju1u-KMunC6Et6\Tau All Data\aws\part17\990032573570204146\12397267600004146\003257357.pdf,302,688640,127986,"אוניברסיטת תל-אביב 
הפקולטה למדעי הרוח על שם לסטר וסאלי אנטין 
ה חוג ללימודי
ה
ערבית ו
ה אסלאם 
 
'ֻרעיונות הרִ בַּאט והת'ֻו ע ר במסורת האסלאמית הקדומה ובמחקר בן זמננו
 ותפקידם בעימות עם
הביזנטים ,ה
ויזיגותים 
 והפרנקים בשלוש המאות הראשונות
להג'רה 
 
 
 
 
 חיבור זה הוגש כעבודת גמר לקראת
ה תואר 
 """"מוסמך אוניברסיטה–
 
M.A.
 באוניברסיטת תל-אביב 
 על ידי 
אלימלך גרוסמן 
 
 
 
 
 העבודה הוכנה בהדרכת
פרופ' אורי רובין 
 
 
אוק '
7102
 
 

 
 
 
תוכן 
מבוא                                              ",75,30,40,48.333333333333336,"['Multiple spaces', 'Multiple empty lines', 'Page numbers in content', 'Repeated headers/footers']",TRUE,990032573570204146,"החוג ללימודי הערבית והאסלאם,",4779262,
G:\.shortcut-targets-by-id\1cErCnP4Phe-Supo0U_ju1u-KMunC6Et6\Tau All Data\aws\part13\9933241696104146\12395918780004146\9933241696104146.pdf,117,257438,41826,"אוניברסיטת תל-אביב 
 
בית הספר לחינוך 
 
ע""ש חיים וג'ואן קונסטנטינר 
 
 
ביקורת חברתית: מקרה החקר של אקדמיה בכיכר 
 
 
עבודת מחקר במסגרת לימודים בסטטוס של ""
""מועמדת לתלמידת מחקר 
 
השקולה לעבודת גמר לתואר שני 
 
 
 
שם התלמידה
: יעל אשד סילבר 
 
 
העבודה בוצעה בהנחיית
ן 
 של
פרופ
' רחל גלי צינמון ופרופ' אילת שביט 
 
 
 
תאריך הגשת העבודה :
9.12.2020
 
 
 
 
 

1
 
תוכן עניינים 
פתיחה: 
................................
................................
................................
............",100,30,60,63.333333333333336,"['Multiple spaces', 'Multiple empty lines', 'Page numbers in content', 'Repeated headers/footers']",TRUE,9933241696104146,"בית הספר לחינוך,",3810226,
G:\.shortcut-targets-by-id\1cErCnP4Phe-Supo0U_ju1u-KMunC6Et6\Tau All Data\aws\part1\9932927998704146\12394499470004146\9932927998704146.pdf,143,130793,22452,"311-171 )1)3DW 5w )TP)D)31 fl1'\21N )TU)DT 
0'))' nan niIU mommrn 
""n'rnvi5'5 ,i'opn"" lNThn )tlp DW5 rni'n 
i-iS') 'Yflfl 
2'2N-531 3l'V12'))N 5w 	
wnn 
\Y')W)l 'lW)l 

.tllv 
ynn5 
1"")Y.fl5t fl-nfl) 'rn-jrn np5' 

31DT1T12 t131W)) it tY1i2) 
1l1tWflj2 '31) 'SliD 

3111131 
lpfl)Dfl 5v 1DI1N 5D -T-11N5 nrin 1rn19 5y nlrnnp )n v.01-1.05 nvnn5 nrin 
5flr 073v) wDn lflDTtfll Pnflyn ,mDn 5y 	
501j7 'nth fl-nfl 
,n'vpn O)fl2 )fllN fltfl)fl T111 5D TIVO 72 IDYDflV ,fll?O )flV'N5 rrrnlrn n-nn 
.5N'r11 ",75,80,90,81.66666666666667,"['Page numbers in content', 'Repeated headers/footers']",TRUE,9932927998704146,"School of Mechanical Engineering,",2688869,
G:\.shortcut-targets-by-id\1cErCnP4Phe-Supo0U_ju1u-KMunC6Et6\Tau All Data\aws\part7\9933660818604146\12441444590004146\9933660818604146.pdf,251,579415,98608,"א
וניברסיטת תל-אביב 
הפקולטה למדעי הרוח ע""ש לסטר וסאלי אנטין 
בית הספר למדעי התרבות ע""ש שירלי ולסלי פורטר 
 
 
 סיפורי
מואלד 
 שנים עשר האמאמים השיעים וסיפורי
מולד אלנבי : מחקר
השוואתי בין שתי סוגות ספרותיות 
 
""חיבור לשם קבלת התואר ""דוקטור לפילוסופיה 
 
מאת 
 אודליה לוי מונינה 
 
מנחה 
פרופ' קמילה אדנג 
 
 
 
הוגש לסנאט של אוניברסיטת תל-אביב 
דצמבר 
2022
 

עבודה זו נעשתה בהדרכת 
 
פרופ' קמילה אדנג 
 
 
 
 
 
 
 
 
 
 
 
 
 
 
 
 
 
 
 
 

תודות 
 
תודה מעומק הלב למנח
ה היקר
ה שלי פרופ' קמילה א",75,30,50,51.666666666666664,"['Multiple spaces', 'Multiple empty lines', 'Page numbers in content', 'Repeated headers/footers']",TRUE,9933660818604146,"בית הספר למדעי התרבות ע""ש שירלי ולסלי פורטר,",3651720,
G:\.shortcut-targets-by-id\1cErCnP4Phe-Supo0U_ju1u-KMunC6Et6\Tau All Data\aws\part4\990025291930204146\12396052310004146\2529193.pdf,47,75045,12016,"אוניברסיטת תל אביב 
הפקולטה לרפואה ע""ש סאקלר 
המדרשה לתארים מתקדמים 
בית הספר למקצועות הבריאות 
החוג לפיזיותרפיה 
 
 
הערכה כמותית של עקומות עמוד השדרה  
ויכולת התיישרותן בקרב קשישים 
 
 
 
 
עבודה זו מוגשת ע""י רונית ליפסון כחלק מהדרישות לקבלת תואר מוסמך  
בפקולטה לרפואה מטעם אוניברסיטת תל אביב 
א וקטובר3102
 
 
 
 
 
העבודה בוצעה בהנחיית
ם של דר 'תמרה פרושנסקי ופרופ 'זאבי דביר 
חתימ
ות   __________________:
 

2 עקומות עמוד השדרה ויכולת התיישרותן בקרב קשישים 
 
תוכן עניינים 
 
תקציר 
..........",75,55,70,66.66666666666667,"['Multiple empty lines', 'Page numbers in content', 'Repeated headers/footers']",TRUE,990025291930204146,"Department of Physical Therapy,",1259393,
G:\.shortcut-targets-by-id\1cErCnP4Phe-Supo0U_ju1u-KMunC6Et6\Tau All Data\aws\part2\990022781230204146\12395185320004146\002278123.pdf,93,93,0,"




























































































",75,70,100,81.66666666666667,[],FALSE,990022781230204146,"בית הספר לחינוך,",2102369,
G:\.shortcut-targets-by-id\1cErCnP4Phe-Supo0U_ju1u-KMunC6Et6\Tau All Data\aws\part7\9933528214904146\12443353730004146\9933528214904146.pdf,83,88346,14274,"•
l ·~ 
א
--
rr 
'א ו נ י
.#פקולטה
ב
ר
ס
י
ם
ח
חל-אביב
למדעי
החיים
ע""ש
ג'ורג'
ס.
וייז
המחלקה
למיקרוביולוגיהc:,__ 
/ 
~ 
/ 
~ 
9-
נוגדנים
טבעיים
מונוקלונלייס
מעכברים
בלחי
מחוסנים
המגיבים
עם
חאי
טומור
חיבור
זה
הוגש
כעבודח
גמר
לקראת
החואר
·מסמן
למדעי
המבע·
של
אוניברסיטח
אביב-חל
על
ידי
ליאורה
בחלון-אגסי
העבודה
הוכנה
במחלקה
למיקרוביולוגיה
של
אוניברסיטת
אביב-חל
בהדרכח
פרופ.
יצחק
ויץ
בסלו
חשמ""ה

א
ו
ב
י
ב
ר
ם
י
ם
ת
ת
ל-א
ב
ינ
הפקולטה
למדעי
החיים
ע""ש
ג'ורג""o 
• וייז
המחלקה
למיקרונ•ולוג•ה
נוגדנים
טבעיים
",75,55,70,66.66666666666667,"['Page numbers in content', 'Repeated headers/footers']",TRUE,9933528214904146,החוג למיקרוביולוגיה,1428325,
G:\.shortcut-targets-by-id\1cErCnP4Phe-Supo0U_ju1u-KMunC6Et6\Tau All Data\aws\part6\990011191550204146\12407372890004146\001119155-האידיאולוגיה של המהפכה האיראנית כפי שהיא משתקפת בסמלים ומסרים אסלאמיים.pdf,211,303,14,"




























































































































122-121 -
 חסרים בגרסה
 המודפסת
שנסרקה
עמודים

































155-154 -
 חסרים בגרסה
 המודפסת
שנסרקה
עמודים





















































",35,70,100,68.33333333333333,[],FALSE,990011191550204146,"החוג להיסטוריה של המזרח התיכון ואפריקה,",12104794,
G:\.shortcut-targets-by-id\1cErCnP4Phe-Supo0U_ju1u-KMunC6Et6\Tau All Data\aws\part6\990032791490204146\12397354940004146\3279149.pdf,48,69667,11541,"1 
 אוניברסיטת תל אביב
הפקולטה לרפואה ע""ש סאקלר 
המדרשה לתארים מתקדמים 
בית הספר למקצועות הבריאות 
החוג לפיזיותרפיה 
ההשפעה של תרגול נשימה קצובה על קצב נשימה ועל תפקוד מערכת הבקרה 
האוטונומית לבבית אצל חולים לאחר אירוע מוחי בשלב התת חריף: ניסוי קליני 
אקראי 
  The influence of paced breathing training on breathing rate and on  heart rate 
 autonomic nervous control system among patients at the sub-acute phase post
stroke, a randomized clinical trial
 עבודת מחקר לתואר מוסמך מטעם אוניברסיטת תל אבי",75,40,70,61.666666666666664,"['Multiple empty lines', 'Page numbers in content', 'Repeated headers/footers']",TRUE,990032791490204146,"החוג לפיזיותרפיה,",476849,
G:\.shortcut-targets-by-id\1cErCnP4Phe-Supo0U_ju1u-KMunC6Et6\Tau All Data\aws\part14\990028410300204146\12396702330004146\2841030.pdf,70,103455,15923," 
 
 
אוניברסיטת תל אביב 
הפקולטה למדעי החיים ע""ס ג'ורג' ס. וויז 
המחלקה למיקרוביולוגיה מולקולארית וביוטכנולוגיה 
 
 אנליזה גנומית
ו פונקציונאלית של חיידקי 
  
E. coli
 ספטיסמיים 
 
""חיבור לשם קבלת התואר ""דוקטור לפילוסופיה 
מאת 
שגיא חוגה 
 
הוגש לסנאט אוניברסיטת תל אביב 
 נובמבר2014
 
 
 

 
 
 
עבודת מחקר 
 זאת נעשתה תחת
הנחייתה של 
 
פרופ' אליאורה רון 
 
המחלקה למיקרוביולוגיה מולקולארית וביוטכנולוגיה 
הפקולט
ה למדעי החיים ע""ס ג'ורג' ס. וויז 
אוניברסיטת תל אביב 
 
 
 
 
 
 
 
 
 
 
 
 
 

 
 
",75,40,70,61.666666666666664,"['Multiple empty lines', 'Page numbers in content', 'Repeated headers/footers']",TRUE,990028410300204146,"החוג למיקרוביולוגיה מולקולרית ולביוטכנולוגיה,",4490979,
G:\.shortcut-targets-by-id\1cErCnP4Phe-Supo0U_ju1u-KMunC6Et6\Tau All Data\aws\part5\990030895140204146\12397212140004146\003089514.pdf,326,5932,808,"













































1695-1638 tl'l'\Vn p:i Feyzullah Efendi , ,.,.,n n,,,p :t1'»N1 p,
n:iw ,(1695) $eyhulislam -n ,,p!lnl il""ll?>il ,mm:,';, pu,n o,"" ,'Oij?N·'""!lwnn 1tmnn n,n::b 
,m:i,mzm 1!l1N ,,,w mw:,nn n,r:il ,m,,•nn '!lH:m ,,on, n,w ,wpm Feyzullah nn!lwn 
,:, 1""Ö' mn .,:i,, 1wnn:i ,n,:i ,w moo:inn,, m,:rn,n';, m,iu,n ,mm ,:iw H mm:in 
jslam -:i 1948 mwl ooi!lnnw ,Orhan F. Koprillii ';,w ,,nNo il'il Oil'l'lT.l pwt-nn .U'l!l7W 
-l 'lN1Ui1 mm, ,v, 1:,11 n';,,nnn Fe",50,70,75,65,[],FALSE,990030895140204146,"החוג להיסטוריה של המזרח התיכון ואפריקה,",95390248,
G:\.shortcut-targets-by-id\1cErCnP4Phe-Supo0U_ju1u-KMunC6Et6\Tau All Data\aws\part12\990025046880204146\12395580260004146\2504688.pdf,,,,,0,0,0,0,"[""Failed to process: Failed to open file 'G:\\\\.shortcut-targets-by-id\\\\1cErCnP4Phe-Supo0U_ju1u-KMunC6Et6\\\\Tau All Data\\\\aws\\\\part12\\\\990025046880204146\\\\12395580260004146\\\\2504688.pdf'.""]",FALSE,990025046880204146,החוג לפסיכולוגיה,8862705,Failed to open file 'G:\\.shortcut-targets-by-id\\1cErCnP4Phe-Supo0U_ju1u-KMunC6Et6\\Tau All Data\\aws\\part12\\990025046880204146\\12395580260004146\\2504688.pdf'.
G:\.shortcut-targets-by-id\1cErCnP4Phe-Supo0U_ju1u-KMunC6Et6\Tau All Data\aws\part4\9933290199704146\12396113680004146\9933290199704146.pdf,,,,,0,0,0,0,"[""Failed to process: Failed to open file 'G:\\\\.shortcut-targets-by-id\\\\1cErCnP4Phe-Supo0U_ju1u-KMunC6Et6\\\\Tau All Data\\\\aws\\\\part4\\\\9933290199704146\\\\12396113680004146\\\\9933290199704146.pdf'.""]",FALSE,9933290199704146,"הפקולטה לרפואה ע""ש סאקלר,",1492354,Failed to open file 'G:\\.shortcut-targets-by-id\\1cErCnP4Phe-Supo0U_ju1u-KMunC6Et6\\Tau All Data\\aws\\part4\\9933290199704146\\12396113680004146\\9933290199704146.pdf'.
G:\.shortcut-targets-by-id\1cErCnP4Phe-Supo0U_ju1u-KMunC6Et6\Tau All Data\aws\part6\9933445510004146\12403173140004146\9933445510004146.pdf,,,,,0,0,0,0,"[""Failed to process: Failed to open file 'G:\\\\.shortcut-targets-by-id\\\\1cErCnP4Phe-Supo0U_ju1u-KMunC6Et6\\\\Tau All Data\\\\aws\\\\part6\\\\9933445510004146\\\\12403173140004146\\\\9933445510004146.pdf'.""]",FALSE,9933445510004146,Porter School of the Environment and Earth Sciences,16770269,Failed to open file 'G:\\.shortcut-targets-by-id\\1cErCnP4Phe-Supo0U_ju1u-KMunC6Et6\\Tau All Data\\aws\\part6\\9933445510004146\\12403173140004146\\9933445510004146.pdf'.
G:\.shortcut-targets-by-id\1cErCnP4Phe-Supo0U_ju1u-KMunC6Et6\Tau All Data\aws\part9\990032727970204146\12397334580004146\3272797.pdf,91,146564,22744," 
 
אוניברסיטת תל - אביב 
הפקולטה להנדסה ע""ש איבי ואלדר פליישמן 
בית הספר לתארים מתקדמים ע""ש זנדמן-סליינר 
 
 
 
הגבר ת קצב שטפי חום ע""י שימוש בתערובת
 בינארית מסיסה חלקית בעלת נקודה קריטית
תחתונה 
 
חיבור זה הוגש כעבודת גמר לקראת התואר ""מוסמך אוניברסיט
ה"" בהנדסת סביבה 
 
 
 
על - ידי 
איתי ליפשטיין 
 
 
 
 
 
 
 
 
 
 
 
 
תשרי תשע""ו 
September 2016
 
 
 
 

 
אוניברסיטת תל - אביב 
הפקולטה להנדסה ע""ש איבי ואלדר פליישמן 
בית הספר לתארים מתקדמים ע""ש זנדמן-סליינר 
 
 
 
הגבר ת קצב שטפי חום ע""י שימ",75,30,50,51.666666666666664,"['Multiple spaces', 'Multiple empty lines', 'Page numbers in content', 'Repeated headers/footers']",TRUE,990032727970204146,"התוכנית להנדסת סביבה,",3388911,
G:\.shortcut-targets-by-id\1cErCnP4Phe-Supo0U_ju1u-KMunC6Et6\Tau All Data\aws\part10\990024319910204146\12395465880004146\2431991.pdf,249,473974,78833,"אוניברסיטת תל אביב 
הפקולטה למדעי החברה ע""ש גרשון גורדון 
החוג למדע המדינה 
 
 
 
 
 
סקר כמצלמה, ליצן, יועץ-סתרים ומבקר-
:המדינה 
מסגור סקרים בעיתונות הפופולארי
ת 
 בישראל 
 והשפעתו על תפיסות של
צרכני תקשורת 
 
 
חיבור זה הוגש כעבודת גמר לקראת התואר 
 """"מוסמך אוניברסיטה- מ..א 
באוניברסיטת תל-אביב 
 
 
על ידי 
פזית בן נון 
 
 
:העבודה הוכנה בהדרכת 
פרופ' מיכל שמיר 
 
 
יולי 
5002
 

תוכן העניינים 
 
הפרק 
 
עמודים 
רשימת תרשימים ולוחות 
 
4-2
 
מבוא 
 
6-00
 
0
 .הסקרים ואמצעי התקשורת 
 
00-50
 ",100,30,50,60,"['Multiple spaces', 'Multiple empty lines', 'Page numbers in content', 'Repeated headers/footers']",TRUE,990024319910204146,החוג למדע המדינה,21545811,
G:\.shortcut-targets-by-id\1cErCnP4Phe-Supo0U_ju1u-KMunC6Et6\Tau All Data\aws\part7\9933763729304146\12460289200004146\9933763729304146 אייל פלג.pdf,204,204,0,"











































































































































































































",75,70,100,81.66666666666667,[],FALSE,9933763729304146,"המחלקה להנדסה ביו-רפואית,",10747656,
G:\.shortcut-targets-by-id\1cErCnP4Phe-Supo0U_ju1u-KMunC6Et6\Tau All Data\aws\part1\990019634220204146\12394548280004146\001963422.pdf,462,928303,171184,"    אוניברסיטת תל-אביב
  
  
    בית הספר למדעי היהדות ע
""
ש חיים רוזנברג
  
  
  
  
  
                  
 אברהם אורי קובנר-
  ראשיתה של הביקורת
  
  
   המודרנית בספרות העברית החדשה
  
  
  
                 
  
                                              
 חיבור לשם קבלת התואר
""
דוקטור 
לפילוסופיה
   ""
                                
  
                                         
   
        
                            מאת
  
  
                                   
          
              ",100,30,50,60,"['Multiple spaces', 'Multiple empty lines', 'Page numbers in content', 'Repeated headers/footers']",TRUE,990019634220204146,החוג ל,3593089,
G:\.shortcut-targets-by-id\1cErCnP4Phe-Supo0U_ju1u-KMunC6Et6\Tau All Data\aws\part7\9933618719904146\12435614720004146\יסודות מושג הזכות - גולדוין.pdf,117,482968,62349," 
 
  
 
 
 
 
 
 
 
 
 
 
  
 
 
 
 
 
 
  
  
  
 
 
 
 
 
 
  
  
 
 
 
 
 
 
 
  
 
 
   
 
 
  
   
 
 
  
  
 
 
 
   
  
 
 
  
  
  
  
  
  
  
  
אוðיברסיטת תל אביב 
הפקולטה למשפטים ע""ש בוכמן 
מרכז צבי מיתר ללימודי משפט מתקדמים 
 יטסילוה לדומ תארקל : תוכזה גשומ תודוסי
חיבור זה הוגש כעבודת גמר לקראת התואר 
 ""םיטפשמב ךמסומ""L.L.M. 
– באוðיברסיטת תל-אביב 
על-ידי 
עמרי גולדוין 
מð ןמפרוד יחיבא 'פורפ :הח
יðואר 2023 
1 

 
 
 
  
  
 
 
 
  
  
 
 
 
 
 
  
  
 
 
 
 
 
 
  
 
 
  
  
 
 
 
 ",75,50,50,58.333333333333336,"['Multiple spaces', 'Multiple empty lines', 'Page numbers in content', 'Repeated headers/footers']",TRUE,9933618719904146,הפקולטה למשפטים,2722376,
G:\.shortcut-targets-by-id\1cErCnP4Phe-Supo0U_ju1u-KMunC6Et6\Tau All Data\aws\part13\990025165140204146\12395908750004146\2516514.pdf,132,132,0,"



































































































































",75,70,100,81.66666666666667,[],FALSE,990025165140204146,"החוג לסוציולוגיה ולאנתרופולוגיה,",3529650,
G:\.shortcut-targets-by-id\1cErCnP4Phe-Supo0U_ju1u-KMunC6Et6\Tau All Data\aws\part9\990032734520204146\12397331570004146\003273452.pdf,106,242720,41700,"1
 
 
אוניברסיטת תל אביב 
הפקולטה למדעי הרוח ע""ש לסטר וסאלי אנטין 
החוג להיסטוריה של עם ישראל 
 
הפולמוס בשבתאות בין שמואל פרימו 
לאברהם מיכאל קארדוזו 
 
 
חיבור זה הוגש כעבודת גמר לקראת התואר 
 """"מוסמך אוניברסיטה–
M.A
 באוניברסיטת ת""א 
 
 
על ידי 
דור ס
ער-מן 
 
העבודה הוכנה בהד:רכת 
ד""ר מעוז כהנא 
 
תשרי התשע""ח 
 אוקטובר2017
 
 
 

2
 
 
תודות 
עבודת מחקר זו לא הייתה רואה אור אלמלא סיועם של אנשים רבים בדרך 
 והמעט שאוכל לעשות
 .הוא להודות להם כעת ראשון לתודות
למנחה של העבודה, ד""
 ר מעוז כהנא א",75,55,50,60,"['Multiple spaces', 'Multiple empty lines', 'Page numbers in content', 'Repeated headers/footers']",TRUE,990032734520204146,"החוג להיסטוריה של עם ישראל,",845144,
G:\.shortcut-targets-by-id\1cErCnP4Phe-Supo0U_ju1u-KMunC6Et6\Tau All Data\aws\part2\990022214670204146\12394844360004146\2221467.pdf,98,169868,29208,"אוניברסיטת תל-אביב
  
הפקולטה למדעי החברה ע
""
ש גרשון גורדון
  
החוג לפסיכולוגיה
  
  
  
  
אוריינטציה קוגניטיבית וסיבוכים בלידה
  
  
  
מ
וגש כעבודת גמר לקראת התואר
  
""מוסמך במדעי החברה
   ""
אוניברסיטת תל-אביב
  
  
  
על-ידי
  
טל כרמלי
  
  
  
  
העבודה הוכנה בהדרכת
  
פרופ
' 
שולמית קרייטלר
  
  
  
  
  
  
  
 ינואר2004
  

Tel Aviv University
 
Faculty of Social Sciences
 
Department of Psychology
 
  
  
  
 
Cognitive Orientation and
 
Obstetric Complications
 
  
  
 
M.A. Thesis i",100,30,50,60,"['Multiple empty lines', 'Page numbers in content', 'Repeated headers/footers']",TRUE,990022214670204146,החוג לפסיכולוגיה,2418891,
G:\.shortcut-targets-by-id\1cErCnP4Phe-Supo0U_ju1u-KMunC6Et6\Tau All Data\aws\part2\990022329230204146\12394825850004146\2232923.pdf,118,302815,54654,"   
  
  
  
   
 
  
  
  
  
  
  
  
 
 
  
  
אביב  
 
 
 
 
 
 
 
 
 
 
 
 
 
 
 
 
 
 
 
 
15
   בנובמבר2004
  

   
 
 
  
 
  
 
  
 
 
  
 
 
  
  
 
  
 
 
 
 
  
 
 
 
 
Tel-Aviv  
 
 
 
 
 
 
November 15,  2004
 

-
  
 
     
-
  
88578
  
  
A
Fighting Outnumbered  
The Influences of the Yom Kippur War on the U.S. Army 
 
Abstract 
 
This study deals with the influences of the Yom Kippur War (YKW) on the
reform that the U.S. Army underwent, in the Post Vietnam era (1973-1982). 
The",100,30,50,60,"['Multiple spaces', 'Multiple empty lines', 'Page numbers in content', 'Repeated headers/footers']",TRUE,990022329230204146,"התוכנית ללימודי ביטחון,",1559109,
G:\.shortcut-targets-by-id\1cErCnP4Phe-Supo0U_ju1u-KMunC6Et6\Tau All Data\aws\part7\990011827900204146\12421414320004146\001182790.pdf,420,695377,116739,"הרמוניה של ניגודיות 
בתיאטרון היפאני 
:הקלאסי 
,משחק דרמה וחלל
חיבור לשם קבלת התואר 
""דוקטור 
""לפילוסופיה
מאת
צבי סרפר
הוגש לסנאט של אוניברסיטת אביב-תל
פברואר 
1990

עבודה זו נכתבה בהדרכת 
פרופ‘ יעקב רז מאוניברסיטת אביב-תל
המחקר לעבודה נעשה בהדרכת 
פרופי אומוטה אקירה 
(
omote Akira
) 
מאוניברסיטת הוסאי 
(
Hosei
) בטוקיו
המחקר לעבודה מומן בעזרת מלגה
(The Japan Foundation) ""מיוחדת של ""קרן יפאן
תודתי העמוקה נתונה לפרופי 
,רז לפרופ’ אומרטה ול""קרן 
,""יפאן
על העזרה 
,הרבה העידוד והעניין הרב שגילו בעבו",75,55,70,66.66666666666667,"['Page numbers in content', 'Repeated headers/footers']",TRUE,990011827900204146,לא ידוע,36173255,
G:\.shortcut-targets-by-id\1cErCnP4Phe-Supo0U_ju1u-KMunC6Et6\Tau All Data\aws\part13\990025164190204146\12395914110004146\2516419.pdf,191,191,0,"






























































































































































































",75,70,100,81.66666666666667,[],FALSE,990025164190204146,"החוג לסוציולוגיה ולאנתרופולוגיה,",7320268,
G:\.shortcut-targets-by-id\1cErCnP4Phe-Supo0U_ju1u-KMunC6Et6\Tau All Data\aws\part9\990032646120204146\12397307180004146\3264612.pdf,32,50451,7615," 
 
אוניברסיטת תל-אביב 
הפקולטה לרפואה ע""ש סאקלר 
 
 
 ממצאים היסטופתולוגיים שלייתיים
ב פראקלמפסיה כגורם מנבא להישנות
פראקלמפסיה בהריון העוקב 
 
עבודה זו מוגשת כחלק מהדרישות לקבלת תואר ""דוקטור לרפואה ""מטעם בית הספר לרפואה ע""ש סאקלר של 
אוניברסיטת תל-אביב 
מוגש על ידי:
 
אלחנן זשוראוועל 
 
העבודה בוצעה בהנחייתם 
 :של 
 ,דר' מיכל קובו
מנהלת חדר לידה ,ה מרכז
ה רפואי ע""ש אדית
וולפסון
, חולון 
 ,פרופ' יעקב בר מנהל
אגף 
 ,נשים ויולדות
ה מרכז
ה רפואי ע""ש אדית
וולפסון
, חולון 
 :תאריך
נובמבר ,
1026

 
 ",75,55,70,66.66666666666667,"['Multiple empty lines', 'Page numbers in content', 'Repeated headers/footers']",TRUE,990032646120204146,"הפקולטה לרפואה ע""ש סאקלר,",515865,
G:\.shortcut-targets-by-id\1cErCnP4Phe-Supo0U_ju1u-KMunC6Et6\Tau All Data\aws\part1\990019060610204146\12394517320004146\001906061.pdf,173,324814,52573,"תטיסרבינוא
לת-ביבא
הטדוקפה
יעדמל
חורה
ש""ע
רשרד
ילאסו
ויפוא
;החור
םידומילל
םייסאלק
תונומא
תולפת
ץראב
לארשי
תופוקתב
תימורה
תיטנזיבהו
המודקה
הורוביה
שגוה
ומ-תתב
רטג
תארקל
ראותה
ךמסומ”
”הטיסרבינוא
־
"".ג.
תטיסרבינואב
א""ת
לע
""!`
י)!`ורוא
רעס
הדובעה
הנבוה
תכרדהב
'פורפ
השמ
רשיפ
ראוני2003

ןכות
םיעיש
המדקה
אובמ
קרפ
""א
ןיב
זפוופוס
ל-םסוס5וי9עק5
קרפ
:'ב
.יחשימק
אלל
תועפות
,יאוול
אלל
םשרמ
אפור
קרפ
:וג
יפושיכ
הליבכ
קרפ
”ד
תונומא
?תולפת
חמ”שך
םירךציק
היפרגואילביב
הדעול
היפרגואילביב
תירבע
תורוקמ
םיינורטקלא
חחך",75,70,60,68.33333333333333,"['Page numbers in content', 'Repeated headers/footers']",TRUE,990019060610204146,"החוג ללימודים קלאסיים,",3642835,
G:\.shortcut-targets-by-id\1cErCnP4Phe-Supo0U_ju1u-KMunC6Et6\Tau All Data\aws\part2\990022698610204146\12394910630004146\002269861.pdf,135,135,0,"






































































































































",75,70,100,81.66666666666667,[],FALSE,990022698610204146,"בית הספר לחינוך,",2333735,
G:\.shortcut-targets-by-id\1cErCnP4Phe-Supo0U_ju1u-KMunC6Et6\Tau All Data\aws\part17\990032583320204146\12397290350004146\314075.pdf,64,64,0,"































































",50,70,100,73.33333333333333,[],FALSE,990032583320204146,"School of Chemistry,",830756,
G:\.shortcut-targets-by-id\1cErCnP4Phe-Supo0U_ju1u-KMunC6Et6\Tau All Data\aws\part3\990025157140204146\12395805860004146\2515714.pdf,262,649150,103591," 
 אוניברסיטת
תל אביב 
הפקולטה למדעי החברה ע""ש גרשון גורדון 
החוג לתקשורת 
 
 
 
 
 
שיתופי פעולה מקצועיים ביצירה והפקה של תוכניות דרמה ו
קומדיה 
.בטלוויזיה לקידום שינוי חברתי בנושאי חברה, בריאות וסביבה 
 
טל פרידמן 
 
 
 
העבודה מוגשת לסנאט של אוניברסיטת תל-אביב כחלק ממילוי 
 הדרישות לקבלת
תואר שלישי 
 
 
 
 
חשוון תשע""ד 
 
 
 
 
 
 
 
 אוקטובר3102
 

 
 אוניברסיטת
תל אביב 
הפקולטה למדעי החברה ע""ש גרשון גורדון 
החוג לתקשורת 
 
 
 
 
 
שיתופי פעולה מקצועיים ביצירה והפקה של תוכניות דרמה ו
קומדיה ",100,30,60,63.333333333333336,"['Multiple spaces', 'Multiple empty lines', 'Page numbers in content', 'Repeated headers/footers']",TRUE,990025157140204146,"החוג לתקשורת,",1902977,
G:\.shortcut-targets-by-id\1cErCnP4Phe-Supo0U_ju1u-KMunC6Et6\Tau All Data\aws\part4\990025268290204146\12396019950004146\2526829.pdf,26,43406,6889," 
אוניברסיטת תל-אביב 
הפקולטה לרפואה ע""ש סאקלר 
 
 
תפקוד אמפתי בחולי דיכאון מג'ורי וקורלציה לתפקודים קוגנ
י .טיביים 
 
עבודה זו מוגשת כחלק מהדרישות לקבלת תואר ""דוקטור לרפואה ""מטעם בית הספר לרפואה ע""ש סאקלר של 
אוניברסיטת תל-אביב. 
 
 
מוגש על ידי:
 
אהוד מקורי 
 
 
העבודה בוצעה בהנחייתו של :ד""ר חגי הררי ,מנהל היחידה הפסיכיאטרית, מרכז לטיפול בנפגעי טראומה ומשבר ,
 .מרכז רפואי מאיר, אוניברסיטת תל אביב 
וכן בהדרכת
ו של: פרופ '
 יחיאל
לבקוביץ ,'מנהל מחלקת יום והמעבדה הקוגניטיבית ,מרכז בריאות הנפש ש",75,70,70,71.66666666666667,"['Multiple empty lines', 'Page numbers in content', 'Repeated headers/footers']",TRUE,990025268290204146,"הפקולטה לרפואה ע""ש סאקלר,",637974,
G:\.shortcut-targets-by-id\1cErCnP4Phe-Supo0U_ju1u-KMunC6Et6\Tau All Data\aws\part2\9932976899904146\12394982060004146\9932976899904146.pdf,351,728766,119726," 
אוניברסיטת תל אביב 
הפקולטה למדעי החברה ע""ש גרשון גורדון 
בית הספר ל לימודי
חברה ומדיניות 
החוג לתקשורת 
 
 
 
 
הדרך הטכנולוגית של
י 
:למידע 
הגדרות ותפיסות של מידע מקוון, איתור וחיפוש מידע בקרב צעירים ומבוגרים 
והאופן שבו הן משליכות על סביב
ו ת
המידע 
 
נתן סטולרו 
 
 
הע
בו
דה מוגשת לסנאט של אוניברסיטת תל אביב כחלק ממילוי הדרישות לקבלת תואר שלישי 
 
 
 
חשו
ןו"", תשע
ט 
 
 
 
 
 
 
 
 
 
 ,אוקטובר2018
 
 

2
 
 
 
 
 
 
 
 
 
 
 
 
 
 
 
 
 
 
 
 
 
 
 
 
 
 
העבודה הנוכחית בוצעה בהנחייתו של",100,30,50,60,"['Multiple spaces', 'Multiple empty lines', 'Page numbers in content', 'Repeated headers/footers']",TRUE,9932976899904146,"החוג לתקשורת,",4413808,
G:\.shortcut-targets-by-id\1cErCnP4Phe-Supo0U_ju1u-KMunC6Et6\Tau All Data\aws\part4\990025282650204146\12396043430004146\002528265.pdf,110,211238,29642,"!l'!lN ,n n""'tI'!l'l'N 
P""lN ',NtI' '''tI, ~lIlJ """"1""l 'lJ'1~' 1""l""""i'£l1""l 
tlN'tlNm n'!l'lJ1""l ,~~,,, )'''1''l 
tl1'NN!:) )~'tJtl 
tJ""l'!ltl 'tJ' ,~ ""'!l'l'tl ""'Pl1p;tl """"t7tJ!l 
'N,n1""l nN'i"" ,m n~!llJ!) ~)'1""l m ""!l'"" 
N""n n""'tI'!l'l'N!l .M.A - ""1""l""'tI'!l'l'N j~tI'~1I 
'1' ,lJ 
'~'!l'''''H~ 1""l""N'!l 
: n!)''11''l!l m!),1""l 1""l~!llJ1""l 
1'£1 ,~, '£1""£1 
2012 ""N)""J~ 

z 
9· 
GNNd .. U Cl!lOGl! C;c{OL 
TL 
£·5· GNNIW CC\(I\C{i\ll! I7IC; C{<.C;U ClLLl! 
99 
Z""5"" GNNd .. U CC{I7IC{i\ll! CC;C;<.l",75,70,75,73.33333333333333,"['Hebrew encoding issues', 'Page numbers in content', 'Repeated headers/footers']",TRUE,990025282650204146,"החוג ללימודי הערבית והאסלאם,",4189955,
G:\.shortcut-targets-by-id\1cErCnP4Phe-Supo0U_ju1u-KMunC6Et6\Tau All Data\aws\part4\9933346772004146\12396348560004146\9933346772004146.pdf,152,152,0,"























































































































































",75,70,100,81.66666666666667,[],FALSE,9933346772004146,בית הספר למדעי המחשב,5020049,
G:\.shortcut-targets-by-id\1cErCnP4Phe-Supo0U_ju1u-KMunC6Et6\Tau All Data\aws\part7\990025257490204146\12462128880004146\002525749.pdf,109,133018,21827,"אוניברסיטת תל אביב
הפקולטה למדעי הרוח על שם לסטר וסאלי אנטון 
החוג ללימודי התרבות העברית
המגמה ללשון העברית
תנועות המלוות את הדיבור: 
בין איקוניות למטפוריות
חיבור זה הוגש כעבודת גמר לקראת התואר 
""מוסמך 
""אוניברסיטה באוניברסיטת תל אביב
על ידי
קוגן אורית
העבודה הוכנה בהדרכת
פרופ׳ תמר 
.סוברן
חשוון תשס״ט 
אוקטובר 
2008

תודות
תודות חמות לפרופ׳ תמר סוברן
על היחס האישי לו זכיתי במהלך כתיבת 
,העבודה 
תשומת הלב ומתן מענה לכל שאלה בכל 
.עת
על כך שחשפה אותי לתחום מרתק ומעניין
והדביקה אותי במרצה 
.ובסקרנו",75,70,70,71.66666666666667,"['Page numbers in content', 'Repeated headers/footers']",TRUE,990025257490204146,החוג ללימודי התרבות העברית.,9214826,
G:\.shortcut-targets-by-id\1cErCnP4Phe-Supo0U_ju1u-KMunC6Et6\Tau All Data\aws\part4\990025564570204146\12396257520004146\2556457.pdf,140,140,0,"











































































































































",75,70,100,81.66666666666667,[],FALSE,990025564570204146,"החוג לסוציולוגיה ולאנתרופולוגיה,",3460086,
G:\.shortcut-targets-by-id\1cErCnP4Phe-Supo0U_ju1u-KMunC6Et6\Tau All Data\aws\part7\9933718617704146\12456224630004146\9933718617704146.pdf,29,28464,4463," 
הפקול
ט ה לרפואה ע""ש סאקלר 
אוניברסיטת תל-
 אביב 
 הקשר בין
מדדי דלקת 
 יחס נויטרופילים ללימפוציטים (
) 
 ויחס טסיות דם ללימפוציטים(
) 
 בסמיכות
לטראומה לבין ה תוצא השיקומי, בקרב מטופלים מעל גיל60
 לאחר ניתוח לתיקון שבר במפרק הירך - 
 מחקר
 עוקבה היסטורי 
 
 עבודה זו מוגשת כחלק מהדרישות לקבלת תואר ""דוקטור לרפואה"" מטעם בית הספר לרפואה ע""ש סאקלר של
אוניברסיטת תל-
.אביב
 
 :מוגש על ידי 
מוריה גורפינקל
 
העבודה בוצעה בהנחייתו של: 
 פרופסור חרותי רפי, ראש חטיבת השיקום בבית החולים השיקומי ""רעות"" תל
",75,65,70,70,"['Multiple empty lines', 'Page numbers in content', 'Repeated headers/footers']",TRUE,9933718617704146,"הפקולטה לרפואה ע""ש סאקלר",697897,
G:\.shortcut-targets-by-id\1cErCnP4Phe-Supo0U_ju1u-KMunC6Et6\Tau All Data\aws\part7\9933721119704146\12455804150004146\9933721119704146.pdf,66,96717,14510,"1 
אוניברסיטת תל-אביב 
 הפקולטה לרפואה ע""ש סאקלר 
 המדרשה לתארים מתקדמים ע""ש מרים ושלדון ג' אדלסון
 החוג להפרעות בתקשורת 
משוב הורי בשיח אם-ילד
ה 
 ברכישת שפה מוקדמת 
 עבודה זו הוגשה כמילוי חלקי של הדרישות לקבלת התואר ""מוסמך אוניברסיטה"" מטעם
 אוניברסיטת תל""אביב, בפקולטה לרפואה ע ,ש סאקלר, בית הספר למקצועות הבריאות
 החוג להפרעות בתקשורת 
 מוגש על ידי:  דניאלה פדידה
בהנחיית : פרופסור דורית 
רביד
ת :אריך הגשה16.04.2024
 :חתימת המנחה                        

2 
 
תודות 
 ברצוני להודות בראש ובראשונה ",75,25,50,50,"['Multiple spaces', 'Multiple empty lines', 'Page numbers in content', 'Repeated headers/footers']",TRUE,9933721119704146,החוג להפרעות בתקשורת,2219783,
G:\.shortcut-targets-by-id\1cErCnP4Phe-Supo0U_ju1u-KMunC6Et6\Tau All Data\aws\part17\990030921950204146\12397241130004146\3092195.pdf,56,81945,13389,"1
 
 
 
 
אוניברסיטת תל-אביב 
הפקולטה לרפואה ע""ש סאקלר 
 
 
 הבדלים בידע, עמדות והתנהגות מינית בין הומואים שאינם נשאי נגיף
 האיידס ונמצאים בזוגיות עם נשא, לעומת זוגות הומואים ששניהם אינם
נושאים את הנגיף 
 
עבודה זו מוגשת כחלק מהדרישות לקבלת תואר ""דוקטור לרפואה ""מטעם בית הספר לרפואה ע""ש סאקלר של 
אוניברסיטת תל-אביב 
 
מוגש על ידי:
 
טיירי דניאל 
 
העבודה בוצעה בהנחייתו של: 
 ד""ר איציק לוי, מנהל שירות האיידס ומחלות המועברות במגע מיני וכן רופא בכיר
ביחידה למחלות זיהומיות, המרכז הרפואי שיבא 
וכן בהד",75,30,50,51.666666666666664,"['Multiple spaces', 'Multiple empty lines', 'Page numbers in content', 'Repeated headers/footers']",TRUE,990030921950204146,"הפקולטה לרפואה ע""ש סאקלר,",1489781,
G:\.shortcut-targets-by-id\1cErCnP4Phe-Supo0U_ju1u-KMunC6Et6\Tau All Data\aws\part2\9932948199004146\12394729370004146\9932948199004146.pdf,150,14327,2181,"-LC"" 8IOZ
.l.. u L. N1,N.I.. U.lN()L.: 
aL.La, i1.:L. m-c""ci 
L!l!CLLL! L!LCCL! CL!LL.CL! 
 
(LN1, LLl.l.. 
l!',_-.L. 
11mo*L NLC.CL.O.ClL.!11 - ·,rlt\l CNLC.CL.O.Cll! L!',_-NC.C 
U.CLL. lL! L!L'Cal CCLLL! rnL. c:!L.NL! L!L!LNL.
lG'l<C\d..C CUCLU UG'OC\<C'd..C c,l Uf?\C'<O sooz-stoz""
uUC(<ClL<O f?\ UQC(f?\«U uC<G'U NLlc<Uu CC< C<dlLLC UCLLC<l.C 
UQift?.,,U tt4, 4't,4U.,U U'tL,U,U G4,a,u 
L!l!Cr""l! 4l!LNL air"" C$UdL l!LCLU' L!""4L LL!rL!l:L 
C""l!-L!QGL 4%Lll:"" L!l!LCLU' !l:11al al""L4"" L40",75,85,75,78.33333333333333,[],FALSE,9932948199004146,"בית הספר למדעי התרבות ע""ש שירלי ולסלי פורטר.",114300559,
G:\.shortcut-targets-by-id\1cErCnP4Phe-Supo0U_ju1u-KMunC6Et6\Tau All Data\aws\part4\9933348771504146\12396358230004146\9933348771504146.pdf,130,130,0,"

































































































































",75,70,100,81.66666666666667,[],FALSE,9933348771504146,"התוכנית להנדסת סביבה,",22348565,
G:\.shortcut-targets-by-id\1cErCnP4Phe-Supo0U_ju1u-KMunC6Et6\Tau All Data\aws\part10\990023996490204146\12395437570004146\2399649.pdf,85,166910,26113,"1
 עובדות סוציאליות בעידן של הפרטה   
 
 
 
 
 
אוניברסיטת תל- אביב 
בית הספר לעבודה סוציאלית ע""ש בוב שאפל 
 
 
 :עובדות סוציאליות בעידן של הפרטה 
תנאי עבודה
, שביעות רצון ועמדות כלפי הפרטה 
 של עובדות סוציאליות במגזר הממשלתי
והחוץ-ממשלתי 
 
 
חיבור זה מוגש כעבודת גמר 
לקראת תואר 
""מוסמכת אוניברסיטה בעבודה סוציא""לית 
באוניברסיטת תל-אביב 
 
על ידי 
 הדס צוקרט038844585
 
 
:העבודה הוכנה בהנחיית 
פרופסור יוסף קטן ז""ל 
פרופסור עידית וייס-גל 
 
 פברואר3102
 
 

 
 
Tel Aviv University 
Bob Shapell Sc",100,30,50,60,"['Multiple spaces', 'Multiple empty lines', 'Page numbers in content', 'Repeated headers/footers']",TRUE,990023996490204146,"בית הספר לעבודה סוציאלית ע""ש בוב שאפל",1204749,
G:\.shortcut-targets-by-id\1cErCnP4Phe-Supo0U_ju1u-KMunC6Et6\Tau All Data\aws\part1\990010279790204146\12394524580004146\001027979.pdf,155,246010,42183,";
'חעילרביגוא
לת-בובא
,
-
`
'
""העדוק'אםה
ייעדמל
חחה
יגרחה
תורפסל
תירבע
=
תודוסי
םיינכמ
יכוװ
הפירוטירה
תרוצמ
נג-יונ
:דומע3.-}!""
,םש
י""ע
לחו
ף ןמוב`ו'ג-,»־
תרגסמב
גוחה
תורפסל
תירבע
נ

רפוסה-נץבנם7'
(א
:ופי-.וו
םייטסרד
תומו-ווח
.הלכלכב
(:
םירפוחה
וטק
.םח
(ג/
תדוקנ
היבכמה
ובוװ
הריבכה
לכ
םירמוחה
.םייוטיבה
;
תודוסיה
םוילווםקחפה
ותו-;.וכו
:וניעל
ונװ
.וקיװטוװ
)(
}==
:
תװ
:םה
תו-רפסמ
ףוגב
תואו
)
(
םירקפהי
ןיב
רפסמה
אווקהו
ווסובב
ובוחבװגהװגוסנגוקה
ילנווצוםצהו
(ג)
ומיפה
.יחי
תופצה
הדבצהו
.חיביפקפסווביוה
:`",75,55,70,66.66666666666667,['Page numbers in content'],TRUE,990010279790204146,"החוג לספרות עברית,",3263126,
G:\.shortcut-targets-by-id\1cErCnP4Phe-Supo0U_ju1u-KMunC6Et6\Tau All Data\aws\part3\9933199672204146\12395723880004146\9933199672204146.pdf,52,52,0,"



















































",75,70,100,81.66666666666667,[],FALSE,9933199672204146,"החוג למדיניות ציבורית,",1121727,
G:\.shortcut-targets-by-id\1cErCnP4Phe-Supo0U_ju1u-KMunC6Et6\Tau All Data\aws\part4\9933276800004146\12396046410004146\9933276800004146.pdf,236,408116,64870," 
 
אוניברסיטת תל-
 אביב 
הפקולטה למדעים מדויקים 
 ע""ש ריימונד ובברלי סאקלר 
 
 
 
 
 :הנושא 
 
 נוחות תרמית במרחב הציבורי במתחם עסקים בהתחדשות אינטנסיבית 
 –
 
 הווה ועתיד –
 בהדגמת מתחם הבורסה ברמת-
 גן 
 
 
 
 
 
 
 
 חיבור זה הוגש כחלק מהדרישות לקבלת התואר 
 
( """"מוסמך אוניברסיטהM.A) באוניברסיטת תל-אביב 
 
בבית הספר לסביבה ומדעי כדור הארץ ע""ש פורטר 
בחוג ללימודי הסביבה 
 
 
 
 
על ידי 
 ענבל גדיש 
 
 
 
 
 :העבודה הוכנה בהנחיית 
 פרופ' הדס סערוני– 
 החוג לגיאוגרפיה וסביבת האדם, ביה""ס לסביבה ",75,30,50,51.666666666666664,"['Multiple spaces', 'Multiple empty lines', 'Page numbers in content', 'Repeated headers/footers']",TRUE,9933276800004146,לא ידוע,21845811,
G:\.shortcut-targets-by-id\1cErCnP4Phe-Supo0U_ju1u-KMunC6Et6\Tau All Data\aws\part16\990030691770204146\12397133800004146\3069177.pdf,135,134232,24462,"qu- Ci ? 
-;;;e--
/ןv 
v 
A כ2 -
J 
~ '- 3 
l 
""'{ ו
i ' - } { ' ;l Lt -
 ._:;ז
 , ..,
 ,•
 .
-.!"" 
~
-
'° 
,.../' 
.~ 
הדרכת
מטופלים
על
ידי
אחירת
מרםמכרת
במחלקות
פנימיות
של
בית
חרלים
כללי
עבודת
גמר
לקראת
תואר
מוסמך
במעדי
תחנוך
מרגשת
ע""י:
פילבסקי
דליה
בהדרכת:
פרופ.
א.
לוי
פרופ.
ר.
ברגמן
החוג
לסיעוד
ניה""ס
לחברן
אוקטובר1977 
תל-אניב
-- ---- -

ירושה
לי
להרזות
לאלר
שסייעו
בידי
בהכנת
העבודה.
לפורפי
לרי
מהחרג
לחינון
'
רפרופי
ברגמן
מהחרג
לסיעוד,
על
ההנחיה
הענינית
רהמערדדת,
שזניתי
לה
לארון
כל
הדרן,
מהש",75,55,70,66.66666666666667,"['Page numbers in content', 'Repeated headers/footers']",TRUE,990030691770204146,לא ידוע,9154458,
G:\.shortcut-targets-by-id\1cErCnP4Phe-Supo0U_ju1u-KMunC6Et6\Tau All Data\aws\part4\990025568730204146\12396319660004146\2556873.pdf,179,179,0,"


















































































































































































",75,70,100,81.66666666666667,[],FALSE,990025568730204146,"בית הספר למוסמכים במינהל עסקים על שם לאון רקנטי,",3261021,
G:\.shortcut-targets-by-id\1cErCnP4Phe-Supo0U_ju1u-KMunC6Et6\Tau All Data\aws\part1\9932931695504146\12394519320004146\9932931695504146.pdf,110,199320,31246,"נדודים בארמון
השלכות שילובה של יצירה אאוטסיידרית
 
 של ונציה55ואופני התקבלותה בביאנלה ה
אוניברסיטת תל אביב 
הפקולטה לאמנויות ע""ש יולנדה ודוד כץ
התכנית הבינתחומית באמנויות לתואר שני
חיבור זה הוגש לשם קבלת תואר מוסמך אוניברסיטה
על ידי דוד פרנקל
בהנחיית ד""ר אייל דותן
2017 פברואר

2
תוכן העניינים
3  .   .   .   .   .   .   .   .   .   .   .   .   .   .   .   .   .   .   .   .   .   .   .   .   .   .   . רשימת התמונות
הקדמה
 
4  .   .   .   .   .   .   .   .   .   .   .   .   .   .   .   .   .   הצג",100,80,50,76.66666666666667,['Page numbers in content'],TRUE,9932931695504146,הפקולטה לאומנויות על שם יולנדה ודוד כץ.,5682029,
G:\.shortcut-targets-by-id\1cErCnP4Phe-Supo0U_ju1u-KMunC6Et6\Tau All Data\aws\part8\990023452350204146\12395274490004146\002345235.pdf,109,171958,28775,"תט'סרג'װא
לת
ב'גאי
הטלוקפה
יעדמל
חורה
""ע
ש
רטסל
ילאסו
ןיטבא
גוחה
ידומילל
תוברתה
תירבעה
»
המגמה
היפוסוליפל
תידוהי
עבמה""
""לאוגה-ןושל
תונמאו
ותוגהב
לש
ץנארפ
גייוצנזור
רוביח
הז
שגוה
תדובעב
רמג
תארקל
ראותה
ךמסומ""
""הטיסרבינוא
תטיסרבינואב
לת-ביבא
לע
ידי
ירטימד
יקסבורטסוא
הדובעה
הנכוה
תכרדהב
פורפ
'
עדיוהי
רימע
'פורפו
ןור
ןילוגרמ
שדוח
גא
אע""שת
טסיגוא2011

שדקומ
תאופרל
.יבא
רדנסכלא
יקסבורטסוא
'הש
הכזי
ותוא
םייחל
םיכורא

ןכות
םיניינעה
ןגמ
1.עקך
ולעפמל
יתוגהה
לש
ץנארפ
גייווצנזור
1.1.בשחמ
שדח
לע
עקר
ןשיה
.
א",75,55,70,66.66666666666667,"['Page numbers in content', 'Repeated headers/footers']",TRUE,990023452350204146,"החוג ללימודי התרבות העברית,",1822671,
G:\.shortcut-targets-by-id\1cErCnP4Phe-Supo0U_ju1u-KMunC6Et6\Tau All Data\aws\part13\990025167910204146\12395937090004146\2516791.pdf,105,188082,24484,"n)mm:J mJ1il 1111:1>'11 
lin o)m l10£ln£l 
J'JH-'Jn nU'O'J'llH 
'Jlil'li11 il'Jnil 'lT1n'J il""!JOil 
l1:Jnl1p ):J~ l""1
DT""'"" W""U _~_ 
4 
131313131131126 
6 ~ 

nmn 
.t:I~7 nW1j?17:l1T ;]l1:lll - """"'1;]7 mn1'1:l ,mn 

·ilT1Jl'il 1'::IP11 
ilt>'::1l17 OmlilJ o""n n11N o""mr.l1 ,O'lNONIV"" 00::1)) 11N O'1'T)Y.l ;f1NJ O'IVlN 'IV ,IT) 1!lt>Y.l 
ilT7'O 1J))0 ,t:1ptl ,11'11IV '0' ,N'O n1'J 0»1I!J 0')11:>0 O't:1ptl 11::1'1l' ,,,::1 ill Onn n11N .11 
.T1))1 O""','tl ,o""m:m 0'I!Jl!l0 ,O""D'tl ,~W"" m,,'O 111::)",100,80,75,85,['Page numbers in content'],TRUE,990025167910204146,"החוג לסוציולוגיה ולאנתרופולוגיה,",3532362,
G:\.shortcut-targets-by-id\1cErCnP4Phe-Supo0U_ju1u-KMunC6Et6\Tau All Data\aws\part5\990030908590204146\12397216230004146\3090859.pdf,226,430230,66333," 
הפקולטה לרפואה ע""ש סאקלר 
המדרש
ה לתארים מתקדמים 
הועדה היחידתית לתלמידי מחקר בפקולטה לרפואה 
 
החוג   אפידמיולוגיה  ורפואה מונעת 
 
חיבור ל שם קבלת
התואר "" דוקטור לפילוסופיה"" מטעם אוניברסיטת תל-אביב 
 
 
גורמי סיכון לשבריריות לו
שינוי 
 בתפקודים 
 קוגניטיביים בקרב חולים
ב.מחלת לב כלילית 
 
 
מוגש על-יד
י  מרים לוצקי 
 
 
הוגש לסנאט של אוניברסיטת תל-אביב 
דצמבר 
2015
 
 

 
עבודה זו נעשתה בהדרכת 
פרופסור אורי גולדבורט 
פרופסור דוד טנה 

תודות 
      הכנה, ביצוע וכתיבת הדוקטורט הינו מסלול מתמשך",75,30,50,51.666666666666664,"['Multiple spaces', 'Multiple empty lines', 'Page numbers in content', 'Repeated headers/footers']",TRUE,990030908590204146,ha-hug leepidemyologya urfua monaat,8399426,
G:\.shortcut-targets-by-id\1cErCnP4Phe-Supo0U_ju1u-KMunC6Et6\Tau All Data\aws\part6\9933408219504146\12401844280004146\9933408219504146.pdf,111,772,101,"








































































































107-106 -
 חסרים בגרסה
 המודפסת
שנסרקה
עמודים



Tbe Tel-Aviv University 
The Faculty of Rwnanities 
Department of Archa.eology and Ancient Near Eastern Cnlן;ures 
January, 1973. 
THE JEII.USAiilli LEJ""l'ERS 
fronc the el- ĭAשiirna archi·<re 
Linguistic 
aspects 
ThĮs paper is presented a.s a thesis toward.s the degree 
.lt.A. 
in Hשםanities 
Tcl-J!.viY סna.V<?rsity 
0' 
Sbemuel .Ni;ןza)'> 
T",75,70,90,78.33333333333333,[],FALSE,9933408219504146,"החוג לארכיאולוגיה ולתרבויות המזרח הקדום,",2068820,
G:\.shortcut-targets-by-id\1cErCnP4Phe-Supo0U_ju1u-KMunC6Et6\Tau All Data\aws\part2\9932995594804146\12395111480004146\9932995594804146.pdf,37,48878,6864,"0
 
 
 
 
אוניברסיטת תל-אביב 
הפקולטה לרפואה ע""ש סאקלר 
 
מהם ה גורמים הקשורים להיענות לטיפול תרופתי בקרב הורים לילדים
המאובחנים בהפרעות קשב והיפראקטיביות? מחקר חתך 
 
 
מוגש על ידי:
 
דנה לזר בר-דוד 
 
 
העבודה בוצעה בהנחייתה של
: פרופ' טלי שגיא, מנהלת מחלקת נוירו.לוגיה של הילד, ביה""ח וולפסון 
:וכן בהדרכתה של עידית גולדשטיי
ן, החוג להיבטי,ם קוגנטיביים של השפה, הפקולטה למדעי הרוח 
.אוניברסיטת תל אביב 
 
 
 
 
 :תאריך
מרץ ,
2018
 
 
 

1      
  
העבודה בוצעה בהנחייתה של
: פרופ' טלי שגיא, מנהלת מ",75,65,75,71.66666666666667,"['Multiple spaces', 'Multiple empty lines', 'Page numbers in content']",TRUE,9932995594804146,"Faculty of Medicine,",619521,
G:\.shortcut-targets-by-id\1cErCnP4Phe-Supo0U_ju1u-KMunC6Et6\Tau All Data\aws\part7\9933648919404146\12443354570004146\9933648919404146.pdf,17,26055,4172,"'/3 -l·~ 
ו--? 
:הנושא
טיפול
על
ייי
םכנדזול
במקרי
ציסטה
הידטידית
TREATMENT WITH r-ffiBENOAZOLE 
in cases of Hydatid Cysts 
עבודת
הגמר
של
הבוגרת
קרםוק
נn 
.מה
כמלוי
חלקי
של
הדרישות
לשם
קבלת
תואר
דוקטור
לרפואה
מטעם
הפקולטה
לרפואת
~יש
םאקלר,
ביהייo לרפואה
ע""ש
םאקלר,
ארבירםיטת
אביב.-תל
בהדרכתו
של
המורה
דרי
שמעור
שונפלד
מחלקה
פנימית
א'
י
ביהייn תמרכזי-לעמק
עפולה.
תאריו1.2.83 


1 
סיפרל
ידי-לע
בסנדזרל
בםp 
•ר
צי•הס
ה•דסידיח-
. 
TREATMENT WITH MEBENDAZOLE 1N CASES OP HYDATID CYSTS 
1 
""----עברדח
גפר
ל",75,80,70,75,"['Page numbers in content', 'Repeated headers/footers']",TRUE,9933648919404146,"הפקולטה לרפואה ע""ש סאקלר",572665,
G:\.shortcut-targets-by-id\1cErCnP4Phe-Supo0U_ju1u-KMunC6Et6\Tau All Data\aws\part11\990025575480204146\12396400940004146\2557548.pdf,99,163448,19587,":J.':J.N-""m nO'O':J.'lIN  
rrnlA ,'1!nA \!I""l1 in:J.nil 'lIiD'1 il0'1'j19il  
i1l'iDil 'lIiD'1 Alnil  
'D1N'111nO:l .. .1 n,. ,lllln ,09WD 
illll!17l il""lO:l 'n,-'""TIil'il OW'7lfll '?1OI!1'-'l'O'n\!1'}9il OIl/'7lil '9'7:1 ilj7'09 
'Ntnil nN'j1'1 'DA nil:J.ll) \!lAm i1T "":J.'n  
.N:.D - ""ilO'O':J.'llN: lDOID""  
:J.1:J.N-'1n nO'O':J.'llN::J.  
'i' '111  
,n:J.r""'j1110l  
:n)'iil:J. illJlil ilil:J.llil  
''1'n:J. .A '9ns  
2003 ':J.D090 

3-4 'l.1li 
5-18 '1.111 
19-22 '1.111 
23-25 'l.1li 
26-28 '",75,80,75,76.66666666666667,['Page numbers in content'],TRUE,990025575480204146,"החוג למדע המדינה,",3563957,
G:\.shortcut-targets-by-id\1cErCnP4Phe-Supo0U_ju1u-KMunC6Et6\Tau All Data\aws\part2\9933006573904146\12395173260004146\9933006573904146.pdf,89,89,0,"
























































































",75,70,100,81.66666666666667,[],FALSE,9933006573904146,"בית הספר לעבודה סוציאלית ע""ש בוב שאפל,",2308478,
G:\.shortcut-targets-by-id\1cErCnP4Phe-Supo0U_ju1u-KMunC6Et6\Tau All Data\aws\part7\990015202050204146\12462128920004146\001520205.pdf,249,230155,39500,"אוניברסיטת אביב-הל
הפקולטה למדעי הרוח
החוג ללימודים קלאסיים
שער שכם בירושלים
בתקופה הרומית 
:והביזנטית 
מחקר ארכיאולוגי 
.השוואתי
חיבור וה הוגש בעבודה גמר לקראת התואר מוסמך 
באוניברסיטת אביב-תל על ידי סילבי 
.תימור 
עבודה זו נעשתה בהדרכת פרופ׳ ישראל 
.רול
אפריל 
1999ניסן השנ
״ט

לאייל דלעמנואל

תוכן ענייגים
מבוא...........................................................................................................................................
3
פרק 
:ראשון מקורות...........................",75,55,70,66.66666666666667,"['Page numbers in content', 'Repeated headers/footers']",TRUE,990015202050204146,"החוג ללימודים קלאסיים,",24306832,
G:\.shortcut-targets-by-id\1cErCnP4Phe-Supo0U_ju1u-KMunC6Et6\Tau All Data\aws\part7\9933591103504146\12429869560004146\דן שאיוב 9933591103504146.pdf,90,136714,20227,"1 
 
 
 
 אוניברסיטת תל-
 אביב 
 הפקולטה למדעים מדויקים 
 ע""ש ריימונד ובברלי סאקלר 
 
 :הנושא 
ביצועים כלכליים וסביבתיים של מעטפות מבני 
 מגורים
בישראל 
 
חיבור זה הוגש כחלק מהדרישות לקבלת התואר 
 
( """"מוסמך אוניברסיטהM.A/M.Sc
 ) באוניברסיטת תל -
 אביב 
 
 בבית הספר לסביבה ומדעי כדור הארץ ע""ש פורטר 
 בחוג ללימודי הסביבה 
 
 
 על ידי 
דן שאיוב 
 
 
:העבודה הוכנה בהנחיית 
דר' ורד בלאס ופרופ' דוד פרלמוטר 
 
 
 
 
 
 
 
 
 
 : תאריך 
 אוקטובר2021
 
 

2 
 
 
 
Tel Aviv University 
 
Faculty of Exact",75,30,50,51.666666666666664,"['Multiple empty lines', 'Page numbers in content', 'Repeated headers/footers']",TRUE,9933591103504146,"החוג ללימודי הסביבה,",2951176,
G:\.shortcut-targets-by-id\1cErCnP4Phe-Supo0U_ju1u-KMunC6Et6\Tau All Data\aws\part1\990022624300204146\12394323810004146\002262430-אלמוות ביהדות.pdf,95,556,70,"


















15 - עמוד
 חסר בגרסה
 המודפסת
שנסרקה









































































Tel A viv University 
Lester and Sally Entin Facnlty of Humanities 
School of Philosophy -lnterdisciplinary program in Religious Studies 
Immortality in Judaism: 
The City of Luz as a Study Case 
A thesis submitted :oward the degree of 
Master ofThe lnterdisciplin yעprogram in Religious Studies 
By 
Dana Neomi Ben Shlomi 
This research was carזied out under the super\'",75,70,100,81.66666666666667,[],FALSE,990022624300204146,"התוכנית למדעי הדתות,",1767478,
G:\.shortcut-targets-by-id\1cErCnP4Phe-Supo0U_ju1u-KMunC6Et6\Tau All Data\aws\part4\9933303677304146\12396183600004146\9933303677304146.pdf,71,71,0,"






































































",75,70,100,81.66666666666667,[],FALSE,9933303677304146,החוג לגיאוגרפיה,2080587,
G:\.shortcut-targets-by-id\1cErCnP4Phe-Supo0U_ju1u-KMunC6Et6\Tau All Data\aws\part4\990025216720204146\12395996920004146\2521672.pdf,71,94454,16421,""" 
Z ~ךנ'·ברס
 !;ברri .i ל-(~ב
·ב 'D 
610.73069 
חדי
1909602 
?הפקך
'
טה
לרפ·r 
~ 
2' ה
 ';;נגrr ם""סאקלך
הך
ורג
רסרעוד
C.1 ובוכברת
מךסמך-בסרמה
'ך'חV ה!זמךדדות
י1 
: 
r 
-חיקן
בה
 , ....
הצו'רח-'·,ךז
ןU 
-
'""·דר
 _,'_ 
11, /,L ג1 
, 
, 
~-- _.נ
.!...J..-.::_, • _,_-!..!K.:::!......U.Ii 
~ 
1. 
_ 
'
_,, 
נU ל
' הנ
ןחלךi ה
לרפואה
דוןן""פה
. 
""""----
Jj בןדת
גמך-:לחוא
סוסנזר
בסרנביד
מוגש
ב;ל
דר '
סרא
ם
תדדד
מנתה
רפ'-:פו
"";ררפ
ך. .כ
טל
I 
I / 
\' 
J' 

.תI ?זנ
 ?ום);ו?);!
 ?ו'6-?fJ P 
! 
!ןו
:נ:נJ ח':נ",75,55,70,66.66666666666667,"['Page numbers in content', 'Repeated headers/footers']",TRUE,990025216720204146,לא ידוע,26960044,
G:\.shortcut-targets-by-id\1cErCnP4Phe-Supo0U_ju1u-KMunC6Et6\Tau All Data\aws\part11\990025584630204146\12396507640004146\2558463.pdf,26,36013,5757,"1
 
 
אוניברסיטת תל-אביב 
  
הפקולטה למדעי החברה ע""ש גרשון גורדון 
  
החוג ללימודי עבודה 
 
 
 
חוסר מעש בקרב הצעירים הערבים בישראל 
 
 
 
חיבור זה הוגש כעבודת גמר לקראת התואר 
 """"מוסמך אוניברסיטה-
  
.מ.א 
באוניברסיטת תל-אביב 
 
 
 
ע""י 
הילי שם טוב 
 
 
:העבודה הוכנה בהדרכת 
פרופ' משה סמיונוב 
ד""ר סאמי מיעארי 
 
 
 
 דצמבר6102
 

2
 
 
 
 
 
 
עבודה זו נכתבה בעזרתם
, הדרכתם ובתמיכתם של  
 פרופסור משה סמיונוב ודוקטור סאמי
מיעארי – בזאת אני מוקירה את תודתי והערכתי הרבה על ההנחייה וההכוונה המקצוע",100,80,70,83.33333333333333,"['Multiple empty lines', 'Page numbers in content']",TRUE,990025584630204146,"החוג ללימודי עבודה,",695064,
G:\.shortcut-targets-by-id\1cErCnP4Phe-Supo0U_ju1u-KMunC6Et6\Tau All Data\aws\part4\990025571610204146\12396363220004146\2557161.pdf,136,136,0,"







































































































































",75,70,100,81.66666666666667,[],FALSE,990025571610204146,"בית הספר לחינוך,",2923521,
G:\.shortcut-targets-by-id\1cErCnP4Phe-Supo0U_ju1u-KMunC6Et6\Tau All Data\aws\part9\990032728140204146\12397334480004146\3272814.pdf,92,90662,15139,"אוניברסיטת תל-אביב 
בית הספר לחינוך 
ע""ש חיים וג'ואן קונסטנטינר 
 
עבוד
ת גמר לקראת ה
תואר 
 ""מוסמך
להוראת מתמטיקה) ""
A
.
M
( 
במסגרת לימודי תואר שני בחינוך מתמטי 
 
 
 שם
העבודה: 
שליטת תלמידים במושג האפס ופעולותיו 
..........................................................
............
 
 
על ידי 
נעמה גליקסמן 
 
 
 
 כתיבת
העבודה 
 בוצעה
בהנחיית ה של
פרופ' דינה תירוש 
אוקטובר  
2017
 
 
 
 

1
 
 
 
תודות 
 
 תהליך כתיבת תזה זו היה ארוך ומלא עליות ומורדות. התהליכים שעברו עלי בדרך, המשברים
והה",100,30,50,60,"['Multiple spaces', 'Multiple empty lines', 'Page numbers in content', 'Repeated headers/footers']",TRUE,990032728140204146,"בית הספר לחינוך,",1931763,
G:\.shortcut-targets-by-id\1cErCnP4Phe-Supo0U_ju1u-KMunC6Et6\Tau All Data\aws\part2\990022709840204146\12395011440004146\002270984.pdf,119,119,0,"






















































































































",75,70,100,81.66666666666667,[],FALSE,990022709840204146,"בית הספר לחינוך,",46663491,
G:\.shortcut-targets-by-id\1cErCnP4Phe-Supo0U_ju1u-KMunC6Et6\Tau All Data\aws\part4\9933338342404146\12396287210004146\9933338342404146.pdf,172,172,0,"











































































































































































",75,70,100,81.66666666666667,[],FALSE,9933338342404146,המחלקה להנדסת תעשייה,5150308,
G:\.shortcut-targets-by-id\1cErCnP4Phe-Supo0U_ju1u-KMunC6Et6\Tau All Data\aws\part2\990022722670204146\12395165390004146\002272267.pdf,76,76,0,"











































































",75,70,100,81.66666666666667,[],FALSE,990022722670204146,"בית הספר לחינוך,",2977340,
G:\.shortcut-targets-by-id\1cErCnP4Phe-Supo0U_ju1u-KMunC6Et6\Tau All Data\aws\part7\9933636718404146\12437474450004146\9933636718404146.pdf,181,181,0,"




















































































































































































",75,70,100,81.66666666666667,[],FALSE,9933636718404146,"בית הספר להנדסה מכנית,",2588829,
G:\.shortcut-targets-by-id\1cErCnP4Phe-Supo0U_ju1u-KMunC6Et6\Tau All Data\aws\part16\990028996540204146\12397012980004146\2899654.pdf,111,124855,20837,"~
~
~i כ
א ך
ניברטיטת
תל
אביב
הפקרלטה
לרפיאה
ע""ש
טאקלר
ביה
 'li ט
למקציער
,ת
הבריארת
החרג
לטיערד
בקרת
אירועים
חריג
י ם
בעש
ייה
הטיעודית
~ 
פרוייקט
יישומי
לקראת
תואר
מוטמך
בטיערד
מוגש
ע""י
גב
ן
אורלי
רותם
בהנחיית
גבן
אהובה
ירטט
פברראר1993 
, 1 ': 
.. 
;ז. 

.ל.כרר
של
אב>
ששרח
רעשה
לקצרר
לא
זכה
במלארח18 שביס
לפטירתן
,תרדרת
זר
תודות
לאהובה
על
העזרה,
ההנחייה
וההדרכה,
ןבמיוחד
על
האופקים
החדשים
שפתחה
לי.
לצביקה
שהגה
את
הנןשא.
לעמליה
שדחפה
לא
לררתר.
ךלבנותי
היקררת,
זהר
ראביטל,
על
העידרד
הדרך.
והתמיכה
בכ",75,65,70,70,"['Page numbers in content', 'Repeated headers/footers']",TRUE,990028996540204146,לא ידוע,30822625,
G:\.shortcut-targets-by-id\1cErCnP4Phe-Supo0U_ju1u-KMunC6Et6\Tau All Data\aws\part4\990025284720204146\12396027870004146\2394823.pdf,317,729828,121740,"1 
 
אוניברסיטת תל אביב
 
הפקולטה למשפטים ע״ש בוכמן
 
 
 
 
שימוש של קבוצות שלטוניות באמצעים קיצוניים וחריגים
 
ב
מאבק נגד הטרור
 – 
מקרה
 
המבחן של הריגה ללא משפט
 
 
חיבור לשם קבלת דוקטור בפילוסופיה
 
מאוניברסיטת תל אביב
 
 
על ידי
 
יאיר תירוש
 
 
 העבודה הוכנה
בהנחיית
 
פרופ׳ גד ברזילי
 
 
 יוני2012
 

2 
 
 
מחקר ז
מו ה
קדש
 
לזכרו של פרופ׳ ליאון שלף ז״ל שהעלה לראשונה את הרעיונות עליה
ם 
מבוסס ה
מחקר
 
ותרם רבות לכתיבת
ו 
ולניסוח
ו
. פרופ׳ שלף 
ז״ל 
מהווה שותף מלא לדברים 
הרשומים ב
מחקר
 
א",75,30,50,51.666666666666664,"['Multiple spaces', 'Multiple empty lines', 'Page numbers in content', 'Repeated headers/footers']",TRUE,990025284720204146,"הפקולטה למשפטים ע""ש בוכמן,",2211113,
G:\.shortcut-targets-by-id\1cErCnP4Phe-Supo0U_ju1u-KMunC6Et6\Tau All Data\aws\part1\990011391740204146\12394524180004146\001139174.pdf,162,1740,241,"


















































(f.ir) ,,Cl1.ffi(. lliU,{ OGLĥ{ ttr1.i. u lfC!, L""l.:.
CGLtrlU UQGLLOQLU CUMC,t• trLC UCL{U QL1.ru 1.ffiLMĦ· U1.l CLLCrLU trGffi"" 
UGU'ilU mUIJ'UJffil C[t'L l!1.l...!LL1.l:::J l!1. t t:ll1.CI_ c.mb r.:1. ,u Lmc.c.· LLC 
U1.ULL1.0 'CUMC.C LCOLL1.U CLC,U"" 
mc.ua• CC,G1. U1.ULL1.0 muucRMU tt'{1.LLU lCGLlllU ffiGCLL MU CU1.C,LU 
1.21rL,: 1. a• 1.2 1. t me 1. a i:cv 1. uo .. mt c.!r,11. t::J t mC!il 1. a"" ħ L c,uue51_r; L IJ 1.2, tvo L UL!LO 
UIJ1.ML",75,70,75,73.33333333333333,[],FALSE,990011391740204146,"החוג לספרות עברית,",2346502,
G:\.shortcut-targets-by-id\1cErCnP4Phe-Supo0U_ju1u-KMunC6Et6\Tau All Data\aws\part7\9933488719804146\12411324810004146\9933488719804146.pdf,203,353858,57735," אוניברסיטת תל אביב 
 הפקולטה למדעי החברה 
 ע""ש גרשון גורדון 
       בית הספר לעבודה סוציאלית ע""ש בוב שאפל
 כיצד אנחנו משפיעים על רגשות הקבוצה? הדבקה של רגשות שליליים בקבוצה כתלות
ב
דפוס
ההתקשרות של 
  החברים בה       
תמר כהן-
        בורוכוביץ
   העבודה מוגשת לסנאט של אוניברסיטת תל אביב כחלק ממילוי הדרישות לקבלת תואר שלישי
אוקטובר 
2021     

 
 
 
 אוניברסיטת תל אביב 
 הפקולטה למדעי החברה ע""ש גרשון גורדון 
 בית הספר לעבודה סוציאלית ע""ש בוב שאפל 
 
 
 
 
 
 כיצד אנחנו משפיעים על רגשות הקבוצה? ",100,30,50,60,"['Multiple spaces', 'Multiple empty lines', 'Page numbers in content', 'Repeated headers/footers']",TRUE,9933488719804146,"בית הספר לעבודה סוציאלית ע""ש בוב שאפל,",2249529,
G:\.shortcut-targets-by-id\1cErCnP4Phe-Supo0U_ju1u-KMunC6Et6\Tau All Data\aws\part4\9933304077104146\12396180390004146\9933304077104146.pdf,109,89611,16393,"ה,םידרp , פי
וילכבn1. תוליעפו
הנבם
Erina~Jc-qs eruopaeus, Hemiechirius 
auri.tus, ' Paraec.hinus a.ethiopicus • 
1 ;י
1 
i ~ז
 ' •
 > •
 \1 
, 
t 
חיברו
לשםp וlבn 
n וcרו
""
רר ,p סרו
לD 
""ילרםרסיה
 '
םאn 
,, 
י:זרהב
יעp בי--~
-· 
\ 
' 
..• 
אר
גרםס
 ,1974 

'ו
מבנה
ופעילות
בכלירת
הקיפודים
Erinaecus eruopaeus, Hemiechinus 
• 
auritus, Paraechinus aethiopicus 
חיברו
לשםp בלn n ראר
""דרp סרר
לםילרסרםיה""
םאח
ורבה
יעp בי
הרגש
לסיגם
ארניברסיםח
אביב-חל
ארגרסופ,1974 

עברדה
זר
נעשn ה
בהדרכn 
D 
'ררט
עמיר",75,55,70,66.66666666666667,"['Page numbers in content', 'Repeated headers/footers']",FALSE,9933304077104146,המחלקה לזואולוגיה,44632052,
G:\.shortcut-targets-by-id\1cErCnP4Phe-Supo0U_ju1u-KMunC6Et6\Tau All Data\aws\part2\9933005298404146\12395173900004146\9933005298404146.pdf,57,91617,15162," 
 
אוניברסיטת תל-אביב 
 בית הספר לחינוך 
ע""ש חיים וג'ואן קונסטנטינר 
 
החוג לחינוך מתמטי ,מדעי וטכנולוגי 
 
 
 
 
 
 
 
מרעיון לשרטוט ומשרטוט לבנייה: 
על תהליך התיכון אצל ילדי גן 
 
 
 
 
 עבודה לקראת התואר""מוסמך למדעי הרוח"" 
(MA)
  
 במגמת טכנולוגיה ולמידה  
 
 
 
על-ידי  
הדר יוהס פ
לד 
 
 
 
 
  
העבודה בוצעה בהנחייתו של 
פרופ' דוד מיודוסר 
 
 
 
 
 
 
 
 
מס 'מילים :
11,029
 
 
 
 
 יולי9102
 

 
 
תודות 
 
 
 ברצוני להודות לכל מי שליווה אותי במהלך ביצוע המחקר וכתיבת
העבודה. 
ראשית לפרופ 'ד",100,45,60,68.33333333333333,"['Multiple spaces', 'Multiple empty lines', 'Page numbers in content', 'Repeated headers/footers']",TRUE,9933005298404146,"בית הספר לחינוך,",1797400,
G:\.shortcut-targets-by-id\1cErCnP4Phe-Supo0U_ju1u-KMunC6Et6\Tau All Data\aws\part8\990023820200204146\12395397650004146\2358337.pdf,91,161650,24638," אוניברסיטת  תל- אביב 
הפקולטה להנדסה ע""ש איבי ואלדר פליישמן 
בית הספר לתארים מתקדמים ע""ש זנדמן-סליינר 
 
 
 
 
 
 
 
 
 
רשתות טיטניום המצופות בפולימר 
 בעל
נקבוביות גבוהה המשחרר פקטור
י גדילה 
ליישום בהנדסת רקמות 
 
 
 
 
 
 
 
 
חיבור זה הוגש כעבודת גמר לקראת התואר ""מוסמך אוניב
רסיטה"" בהנדסה ביו-רפואית 
 
 
 
 
 
 
 על- ידי 
 
שיר פוקס אורנבך 
 
 
 
 
 
 
 
 
 
 
 
 
 
 
 
 
תמוז תשע""א 
 
(
 יולי1122
) 

 אוניברסיטת  תל- אביב
 
הפקולטה להנדסה ע""ש איבי ואלדר פליישמן
 
בית הספר לתארים מתקדמים ע",75,30,50,51.666666666666664,"['Multiple spaces', 'Multiple empty lines', 'Page numbers in content', 'Repeated headers/footers']",TRUE,990023820200204146,"המחלקה להנדסה ביו-רפואית,",1989316,
G:\.shortcut-targets-by-id\1cErCnP4Phe-Supo0U_ju1u-KMunC6Et6\Tau All Data\aws\part2\9932998495204146\12395130330004146\9932998495204146.pdf,89,89,0,"
























































































",50,70,100,73.33333333333333,[],FALSE,9932998495204146,"החוג לסטטיסטיקה וחקר ביצועים,",1057106,
G:\.shortcut-targets-by-id\1cErCnP4Phe-Supo0U_ju1u-KMunC6Et6\Tau All Data\aws\part2\990022706350204146\12394969720004146\002270635.pdf,121,121,0,"
























































































































",75,70,100,81.66666666666667,[],FALSE,990022706350204146,"בית הספר לחינוך,",2097186,
G:\.shortcut-targets-by-id\1cErCnP4Phe-Supo0U_ju1u-KMunC6Et6\Tau All Data\aws\part11\9933359459204146\12396406440004146\9933359459204146.pdf,152,152,0,"























































































































































",75,70,100,81.66666666666667,[],FALSE,9933359459204146,בית הספר למדעי המחשב,3475186,
G:\.shortcut-targets-by-id\1cErCnP4Phe-Supo0U_ju1u-KMunC6Et6\Tau All Data\aws\part12\990025067940204146\12395652630004146\2060461.pdf,191,284423,49096,"אוניברסיטת תל-אביב
  
הפקולטה  לרפואה ע
""
ש סאקלר
  
החוג לאפידמיולוגיה
 ורפואה מונעת
  
  
  
  
  
  
  
גורמי סיכון 
וסמנים של 
דלקת כבד נגיפית מסוג C
) 
HCV
 (
 בקרב תורמי דם עולים ממדינות חבר העמים בהשוואה
לתורמי דם ילידי ישראל
   .
  
  
  
  
  
חיבור לשם  קבלת התואר
  
""
דוקטור לפילוסופיה
   ""
מאת
ח : 
נה קרצמן
  
  
דצמבר 2005
  

  
TEL-AVIV UNIVERSITY 
SACKLER SCHOOL OF MEDICINE 
DEPARTMENT OF EPIDEMIOLOGY AND PREVENTIVE MEDICINE 
 
 
 
Risk factors and markers of Hepatitis C Virus (H",100,55,50,68.33333333333333,"['Multiple spaces', 'Multiple empty lines', 'Page numbers in content', 'Repeated headers/footers']",TRUE,990025067940204146,לא ידוע,894247,
G:\.shortcut-targets-by-id\1cErCnP4Phe-Supo0U_ju1u-KMunC6Et6\Tau All Data\aws\part1\9932934492404146\12394573580004146\9932934492404146.pdf,22,29979,4688," 
 
 
 
אוניברסיטת תל-אביב
 
הפקולטה לרפואה ע""ש סאקלר
 
 
 
ש
כיחות השמנה 
בקרב ילדים חולי סרטן בעת האבחנה
. 
 
 
 מוגש ע""י שני פרץ ברדן
כחלק
 
מהדרישות
 
לקבלת
 
תואר
 ""
דוקטור
 
לרפואה
"" 
מטעם
בית 
 
הספר
 
לרפואה
 ע""ש 
סאקלר
  של 
אוניברסיטת
תל -
.אביב
 
 
 
העבודה
 
בוצעה
 
בהנחיית 
:
פרופ' 
דלית מודן מוזס מהיחידה לאנדוקרינולוגיה וסכרת נעורים בבה""ח 
אדמונד ולילי ספרא לילדים מ.ר.חיים שיבא.
 
 
 
 
 
 :תאריך
דצמבר, 2017
 
 
 
 

 
 
 
אוניברסיטת תל-אביב
 
הפקולטה לרפואה ע""ש סאקלר
 
 
 
ש
כיחות",75,80,70,75,"['Multiple empty lines', 'Page numbers in content', 'Repeated headers/footers']",TRUE,9932934492404146,"הפקולטה לרפואה ע""ש סאקלר,",324400,
G:\.shortcut-targets-by-id\1cErCnP4Phe-Supo0U_ju1u-KMunC6Et6\Tau All Data\aws\part1\9932933187304146\12394515620004146\9932933187304146.pdf,109,109,0,"












































































































",75,70,100,81.66666666666667,[],FALSE,9932933187304146,"החוג לארצות מתפתחות,",2364048,
G:\.shortcut-targets-by-id\1cErCnP4Phe-Supo0U_ju1u-KMunC6Et6\Tau All Data\aws\part13\990025162720204146\12395879020004146\2516272.pdf,64,64,0,"































































",75,70,100,81.66666666666667,[],FALSE,990025162720204146,"החוג לפסיכולוגיה,",1250547,
G:\.shortcut-targets-by-id\1cErCnP4Phe-Supo0U_ju1u-KMunC6Et6\Tau All Data\aws\part10\990025045430204146\12395572000004146\2503978.pdf,161,202362,32174,"  
  
  
פיתוח ואיפ
י
ון ננו
 -
 חומרים אנודיים מורכבים
 
בעלי 
קיבול
 
גבוה
 
עבור מצברי ליתיום יון 
 
  
  
  
  
חיבור לשם קבלת תואר ""דוקטור לפילוסופיה""
  
  
  
  
מאת
  
  
סבטלנה מנקין בחבוט
  
  
  
  
  
  
הוגש לסנאט של אוניברסיט
ת 
תל אביב
  
   
  
  
  
יולי 2012
                                   
 אב תשע""ב
  
  
  
  
  
  
  

  
  
  
  
  
  
  
  
  
  
  
  
  
 עבודה זו נעשתה בהנחייתם של
  
  
  
  
  
  
פרופסור עמנואל פלד 
ו
פרופסור
 
דינה גולודניצקי
  
  
  
  
  
  
  
בי",75,30,50,51.666666666666664,"['Multiple spaces', 'Multiple empty lines', 'Page numbers in content', 'Repeated headers/footers']",TRUE,990025045430204146,"בית הספר לכימיה,",7091283,
G:\.shortcut-targets-by-id\1cErCnP4Phe-Supo0U_ju1u-KMunC6Et6\Tau All Data\aws\part6\9933458318504146\12407164560004146\9933458318504146.pdf,280,806237,130151,"אוניברסיטת תל אביב
 
הפקולטה לרפואה ע""ש סאקלר
 
המדרשה לתארים מתקדמים ע""ש אדלסון
 
התוכנית לפסיכותרפיה
 
 
 
 
 מעשה הטיפול הפסיכואנליטי הויניקוטיאני- 
אופני הנוכחות של המטפל כמכוננים את התהוותו של
 
המטופל
 
 
 
 
חיבור לשם קבלת התואר
 
""""דוקטור לפילוסופיה
 
 
 
מוגש על ידי: מאיר שלוש
 
 
מנחים: ד""ר שלמה מנדלוביץ' וד""ר בעז שלגי
 
 
נ
ובמבר  2021
 
 

 
                                                                       
 
הכרת תודה
 
 
.לד""ר שלמה מנדלוביץ' על הנחיה מיטיבה שניווטה בתבונה את מ",75,30,50,51.666666666666664,"['Multiple spaces', 'Multiple empty lines', 'Page numbers in content', 'Repeated headers/footers']",TRUE,9933458318504146,החוג לפסיכותרפיה,2155655,
G:\.shortcut-targets-by-id\1cErCnP4Phe-Supo0U_ju1u-KMunC6Et6\Tau All Data\aws\part4\9933301800304146\12396146880004146\9933301800304146.pdf,94,118646,18661,"אוניברסיטת
אביב-תל
הפקוטלה
להנסדה
ע""ש
איני
ואלדד
פליישמן
המחלקה
להנדסת
חשמל-אלקטרוניקה
פיזיקלית
 ·~·.- -
...... 
, 
. 
1 THESfS~ 
\ לוא •יייe
_1 
J 8תיt6 לcאנ וr 
1 ~- ---· 
פיזורם
של
נושאי
מעטן
הנלכדים
בפואן
מקומי
במלהך
מחזור
הכתיבה
והמחיקה
הראשון
של
התקן
זיכרון
לא
נדיף
עבל
מדובד
שער
במבנה4-Si02 
~ 
Si02-Si 
חיבור
זה
תוגש
כעבודת
גמר
לקראת
תתואר
,ומוסמך
אוניברסיטת""
בהנדסת
חשמל
ואטקלחנקיה
אבוניסרביטת
אביב-תל
ידי-על
גיל
מילטברג-גב.ע
העבודה
נעשתה
במחלקה
להנדסת
חשמל-אלקטרוניקה
פיזיקלית
בכרדהת
רפןפו
",75,70,70,71.66666666666667,"['Page numbers in content', 'Repeated headers/footers']",TRUE,9933301800304146,בית הספר להנדסת חשמל,2724431,
G:\.shortcut-targets-by-id\1cErCnP4Phe-Supo0U_ju1u-KMunC6Et6\Tau All Data\aws\part8\990023098270204146\12395217040004146\2309827.pdf,27,27,0,"


























",75,70,100,81.66666666666667,[],FALSE,990023098270204146,החוג לכלכלה,12876493,
G:\.shortcut-targets-by-id\1cErCnP4Phe-Supo0U_ju1u-KMunC6Et6\Tau All Data\aws\part12\990025069750204146\12395668580004146\2139859.pdf,64,94892,15918,"אן
ני
ברסיטת
תII א
הפקןלטה
לרפןאה
עII ש
סאקלר
ביה""ס
למקצןעןת
הבריאןת
החןג
לסיעןד
תכנית
המןסמך
עבודת
תזה
בנושא
 :
כוונת
התנהגות
של
הצוות
הסיעודי
לעבוד
על
פי
נהלים
רפואיים
בהנחיית
:פרופ'
נילי
טבק
פרופ'
חווה
גולנדר
ד""ר
סילביה
קוטוו
מגישה
:אלה
קוגו
ת
 : ז.306168535 
אוקטובר2007 

תקציר
טיפול
אשר
מבוסס
ע
ל
עדות
זמינה
של
יעילות
קל
י
נ
ית
ותקציבית
 ,
הפך
לאסטרטגיה
לאומית
במתן
שירותי
בר
י
אות
 .
ב
י
שראל
 ,
משרד
הבר
יא
ות
קבע
הל נ
ים
על
מנת
להבטיח
אי
כות
ט
י
פול
 .
הנהלים
מהווים
הנחיה
כתובה
בה
מפורטים
ת",75,55,70,66.66666666666667,"['Page numbers in content', 'Repeated headers/footers']",TRUE,990025069750204146,לא ידוע,21839815,
G:\.shortcut-targets-by-id\1cErCnP4Phe-Supo0U_ju1u-KMunC6Et6\Tau All Data\aws\part7\9933590999904146\12429889270004146\9933590999904146.pdf,64,98725,16587," 
 
 
 
 
לת תטיסרבינוא-ביבא 
הןודרוג ןושרג ש""ע הרבחה יעדמל הטלוקפ 
בי היגולוכיספה יעדמל רפסה ת 
 
 
 
 
 
 
או החימצו בכרומ לבא יוזיחל תוומה לש ןבומהו תיביטינגוק היצטנייר
פ.הוולמ םייח לעב ןדבוא תובקעב תיתמוארט טסו 
 
 
 
 
 
חיב ""הטיסרבינוא ךמסומ"" ראותה תארקל רמג תדובעכ שגוה הז רו– 
M.A
. 
בביבא לת תטיסרבינוא 
 
 
על:ידי  
 
להבושת ןורי 
 
 
 
 
 
  
 
ה:תייחנהב הנכוה הדובע 
 
רלטיירק תימלוש רוספורפ 
 
 
 
 
 
רבוטקוא 
2023

 
 
 
 
 
לת תטיסרבינוא-ביבא 
הןודרוג ןושרג ש""ע הרבחה יעדמל הטלוקפ 
בי",100,40,50,63.333333333333336,"['Multiple spaces', 'Multiple empty lines', 'Page numbers in content', 'Repeated headers/footers']",TRUE,9933590999904146,"בית הספר למדעי הפסיכולוגיה,",879686,
G:\.shortcut-targets-by-id\1cErCnP4Phe-Supo0U_ju1u-KMunC6Et6\Tau All Data\aws\part7\9933561917904146\12435683890004146\9933561917904146.pdf,64,78562,12618,"צ
ג-( 
i 
!- ' 
אוניברסיטת
תל-אניב
הפקולטה
למדעו-החיים
ע""ש
ג'
ורג'
ס.
רריז
המחלקה
לביוכימיה
אימ
ו
ניליזציה
של
השמר
r; 
S accharomyces cerevisiae כג'ל
פוליאקרילמאיד-
הידראזיד
מצרלנ
ע
""י
גליאוקםל
חבור
זה
תוגש
כענודה
לקראת
התואר
""מוסמך
למדעים""
באוניברסיטת
תל-אנ
יב
על-ירי
גיליה
פינם-גנני
הענודה
הרכנה
נמרכז
לביוטכנולוגיה
של
אוניברסיטת
חל-אנ
יב
בהדרכת
דייר
עמיחי
פרימו
ספטמבר,1981 

אימרניליזציה
של
השמר
אוניברסיטת
אניב-תל
הפקולטה
החווס-למדעי
ע""ש
ג'
ררגי
ס.
רריז
המחלקה
לביוכימיה
Saccharomyces cerevisiae",75,70,70,71.66666666666667,"['Page numbers in content', 'Repeated headers/footers']",TRUE,9933561917904146,החוג לביוכימיה וביולוגיה מולקולרית,1343825,
G:\.shortcut-targets-by-id\1cErCnP4Phe-Supo0U_ju1u-KMunC6Et6\Tau All Data\aws\part1\9932933189704146\12394514980004146\9932933189704146.pdf,134,134,0,"





































































































































",75,70,100,81.66666666666667,[],FALSE,9932933189704146,"המרכז ללימודים אורבניים ואזוריים,",2476077,
G:\.shortcut-targets-by-id\1cErCnP4Phe-Supo0U_ju1u-KMunC6Et6\Tau All Data\aws\part17\990032613040204146\12397296070004146\3261304.pdf,158,285440,44696," 
 
 אוניברסיטת תל-אביב 
הפקולטה לרפואה ע""ש סאקלר 
המדרשה לתארים מתקדמים ע""ש מרים ושלדון ג' אדלסון 
 
 
החוג לחינוך רפואי 
 
 
 
 
יישומן של בדיקות גנטיות וגבולות הידע הרפואי 
 
מקרה בוחן של בדיקת קריוטיפ באבחון נטיה לתוקפנות ובסיווג מינן של ספורטאיות 
 
 
 
 
 
 
 חיבור לשם
קבלת התואר 
""""דוקטור לפילוסופיה 
מאת רועי שני 
 
 
 
 
 
 
 
הוגש לסנאט של אוניברסיטת תל-אביב 
דצמבר 
2016
 
 
 
 
 
 
 
 
 
 

 
 
 
 
 
 
 
 
 
 
 
 
עבודה זו נעשתה בהנחיית פרופסור יחיאל בר אילן 
 
 
 
 
 
 
 
 
 
 
 
 
 
",75,45,70,63.333333333333336,"['Multiple empty lines', 'Page numbers in content', 'Repeated headers/footers']",TRUE,990032613040204146,החוג לחינוך רפואי,2055558,
G:\.shortcut-targets-by-id\1cErCnP4Phe-Supo0U_ju1u-KMunC6Et6\Tau All Data\aws\part11\990025573930204146\12396390210004146\2557393.pdf,139,139,0,"










































































































































",75,70,100,81.66666666666667,[],FALSE,990025573930204146,החוג למדיניות ציבורית,2148898,
G:\.shortcut-targets-by-id\1cErCnP4Phe-Supo0U_ju1u-KMunC6Et6\Tau All Data\aws\part17\990032573370204146\12397268430004146\003257337.pdf,258,726816,278686,"








	










































 
!
""
#
$
%
&
'
(
)
*
+
,
-
.
/
0
0
/
1
.
2
3
4
5
6
7
8
9
:
;
;
<
=
>
<
?
@
=
;
:
?
A
@
B
>
C
8
D
E
F
G
H
I
H
J
F
G
J
K
H
L
M
H
N
D
K
O
H
P
E
P
J
Q
M
R
S
J
K
H
Q
F
T
P
O
U
V
W
X
W
V
Y
Z
[
Z
\
]
^
_
_
`
a
b
c
d
a
e
f
g
^
h
`
g
e
b
^
h
i
f
j
k
l
l
k
m
n
o
p
q
















	



































 
!
""
#
$
#
""
%
#
&
'
(
'
)
*
!
+",100,80,30,70,"['Multiple spaces', 'Multiple empty lines', 'Page numbers in content']",TRUE,990032573370204146,"בית הספר למדעי התרבות ע""ש שירלי ולסלי פורטר,",10390052,
G:\.shortcut-targets-by-id\1cErCnP4Phe-Supo0U_ju1u-KMunC6Et6\Tau All Data\aws\part6\9933464019604146\12408643260004146\9933464019604146.pdf,175,352909,53162," 
 
 
 
 אוניברסיטת תל אביב 
הפקולטה לרפואה ע״ש סאקלר 
המדרשה לתארים מתקדמים ע״ש דר' מרים וש
לדון ג' אדלסון 
החוג לאפידמיולוגיה ורפואה מונעת, בי""ס לבריאות הציבור 
 
 
 :עבודת דוקטורט בנושא 
 הערכת התכנית הלאומית לגילוי נשאות למחלות תורשתיות בארץ -  
 נושאים נבחרים 
 
שם התלמיד :
 
 
 דוידוב בקירוב בלה 
 
:מנחה  
 ,פרופ' תמי שוחטMD
 ,
MPH 
                        
 
 החוג לאפידמיולוגיה ורפואה מונעת 
 אוניברסיטת ת״א 
 
 :יועץ 
דר’ 
 ,עמיהוד זינגרMD
 
 מנהל המחלקה לגנטיקה קהילתית 
 משרד הבריאות 
 
",75,30,50,51.666666666666664,"['Multiple spaces', 'Multiple empty lines', 'Page numbers in content', 'Repeated headers/footers']",TRUE,9933464019604146,"הפקולטה לרפואה ע""ש סאקלר.",2408780,
G:\.shortcut-targets-by-id\1cErCnP4Phe-Supo0U_ju1u-KMunC6Et6\Tau All Data\aws\part4\9933334347304146\12396294230004146\9933334347304146.pdf,89,89,0,"
























































































",75,70,100,81.66666666666667,[],FALSE,9933334347304146,"בית הספר לכימיה,",13624278,
G:\.shortcut-targets-by-id\1cErCnP4Phe-Supo0U_ju1u-KMunC6Et6\Tau All Data\aws\part16\990029007560204146\12397050660004146\2900756.pdf,67,101065,15336,"1
 
 
אוניברסיטת תל-אביב 
הפקולטה למדעי החיים ע""ש ג'ורג' ס. וייז 
המדרשה לתארים מתקדמים 
 
 
""""מעצבים פרחים 
השפעת גודל וצורת הפרח באירוסי ההיכל על התנהגות מאביקים 
 
 
 חיבור זה הוגש כעבודת גמר לקראת""התואר ""מוסמך אוניברסיטה 
במסלול מדעי הצמח באוניברסיטת תל-אביב 
 
 
על-ידי 
 
עמר בר 
 
 
העבודה הוכנה במחלקה לביולוגיה מולקולרית ואקולוגיה של צמחים באוניברסיטת תל-אביב 
 
 
בהנחיית 
 
ד""ר יובל ספיר 
  
 
 
 
 
 אוגוסט2016
 
 
 

2
 
 
אוניברסיטת תל-אביב 
הפקולטה למדעי החיים ע""ש ג'ורג' ס. וייז 
המדר",75,55,70,66.66666666666667,"['Multiple empty lines', 'Page numbers in content', 'Repeated headers/footers']",TRUE,990029007560204146,"החוג לביולוגיה מולקולרית ואקולוגיה של צמחים,",3955874,
G:\.shortcut-targets-by-id\1cErCnP4Phe-Supo0U_ju1u-KMunC6Et6\Tau All Data\aws\part3\9933220399404146\12395842780004146\9933220399404146.pdf,372,648178,96815," אוניברסיטת תל אביב
הפקולטה לאמנויות ע""ש יולנדה ודוד כץ
החוג לתולדות האמנות 
- תופעת השימוש החוזר בפורפיר בכנסיות הרומיות
משמעויותיו ותפקידיו בתרבות החזותית 
של ימי הביניים 
(Ph.D.) ""חיבור לשם קבלת התואר ""דוקטור לפילוסופיה
מאת
אורלי סניור ניב
  הוגש לסנאט אוניברסיטת תל אביב
       תמוז, תשע""ו אוגוסט 
2016 

 
 
 
 
 
 
 
חיבור זה נכתב בהנחייתה של 
פרופ' נורית כנען-קדר ז""ל 
(
2015-1938
) 
 
* * *
 
 
 
 
 
 
 
 
 
 
 
 
 

 
 
 
 
 
 מוקדש
לזכרם של הוריי 
 
לאבי, אריה סניור שנטע בי את הסקרנות וה
",75,30,50,51.666666666666664,"['Multiple spaces', 'Multiple empty lines', 'Page numbers in content', 'Repeated headers/footers']",TRUE,9933220399404146,"החוג לתולדות האומנות,",33098310,
G:\.shortcut-targets-by-id\1cErCnP4Phe-Supo0U_ju1u-KMunC6Et6\Tau All Data\aws\part7\9933646316604146\12438883630004146\9933646316604146.pdf,322,698266,105266," 
 
 הפקולטה למדעי החברה על שם גרשון ה. גורדון 
בית הספר למדע המדינה, ממשל ויחסים בינלאומיים 
 
 
 
הכוח הפוליטי של מפלגות שמאל-
 רדיקלי אחרי המשבר הכלכלי של2008
 
 
 ""חיבור לשם קבלת התואר ""דוקטור לפילוסופיה 
 מאת 
 אור דר 
 
 
 העבודה
נערכה בהנחייתם של ד""ר עמוס זהבי וד""ר רונן מנדלקרן 
חברי הועדה המלווה: פרופ' דני פילק ופרופ' מיכאל שלו 
 
 
 הוגש לסנאט של
אוניברסיטת תל-
 אביב
כחלק ממילוי הדרישות לקבלת תואר שלישי 
 ינואר2023
 
 
 
 
 
 
 

2
 
 
 תוכן עניינים 
 
…………………..…………תקציר...
…………………………..",100,30,70,66.66666666666667,"['Multiple empty lines', 'Page numbers in content', 'Repeated headers/footers']",TRUE,9933646316604146,"בית הספר למדע המדינה, ממשל ויחסים בינלאומיים",2859065,
G:\.shortcut-targets-by-id\1cErCnP4Phe-Supo0U_ju1u-KMunC6Et6\Tau All Data\aws\part2\9932993499404146\12395076840004146\9932993499404146.pdf,76,76,0,"











































































",50,70,100,73.33333333333333,[],FALSE,9932993499404146,"החוג למתמטיקה עיונית,",1045549,
G:\.shortcut-targets-by-id\1cErCnP4Phe-Supo0U_ju1u-KMunC6Et6\Tau All Data\aws\part7\9933722219704146\12453064840004146\9933722219704146.pdf,30,33853,5985,"j',- li( 
נu
--: נ
שהפy ת
הרדמה
על•ידיENFLURANE 
y ל
מבגברן
הקריסה
ןy ל2,3 DIPHOSPHOGLYCERIC ACID 
THE EFFECT OF ENFLURANE ANESTHESIA 
ON HEHOSTASIS AND ON 2,3 DIPHOSPHOGLYCERIC ACID 
עבודת
גמר
של
הבוגר:
טר••בר
מלסר-ישראל
כמלו•
חלק•
של
הדרישות
לשם
קבלת
תואר
דוקטור
לרפואה
מטעם
הפקולטה
לרפואה,
ביה""D לרפואה
ע""ש
סאקלר
אונ•ברם,טn אב•ב-תל
בהדרכתו
של
המורה:
ובפקוח
של
 :
ד""ר
 . י
ר
רד•
ק
פר
 . פ ו
 . מ
חן
מחלקת
הרדמה
והתאוששות
ב•הייח
א•נילוב
אביב,-תל1980 

שהפעת
הרדמה
יד•-עלENFLURANE 
y ל
מנגנון
הקריסה
",75,80,70,75,['Page numbers in content'],TRUE,9933722219704146,"הפקולטה לרפואה ע""ש סאקלר",538595,
G:\.shortcut-targets-by-id\1cErCnP4Phe-Supo0U_ju1u-KMunC6Et6\Tau All Data\aws\part4\9933346369204146\12396353520004146\9933346369204146.pdf,134,134,0,"





































































































































",75,70,100,81.66666666666667,[],FALSE,9933346369204146,בית הספר להנדסת חשמל,23190638,
G:\.shortcut-targets-by-id\1cErCnP4Phe-Supo0U_ju1u-KMunC6Et6\Tau All Data\aws\part14\990028713870204146\12396788970004146\002871387.pdf,422,1278011,230625,"אוניברסיטת תל-אביב
 
הפקולטה לאמנויות
  
ע""
ש יולנדה כץ
  
החוג לקולנוע וטלוויזיה
  
  
  
  
משהו ללבוש
   :
  
 
תפקידים ואפיונים של הטרנסמגדר בקולנוע
  
  
  
  
  
  
  
חיבור לשם קבלת
 התואר 
 '
דוקטור לפילוסופיה
   '
  
מאת
  
  
אלכסנדרה 
)
סנדרה
( 
מאירי
  
  
  
  
  
  
  
  
הוגש לסנאט של אוניברסיטת תל
 -אביב
  
אוגוסט 2004
  
  
  

  
  
  
  
  
  
  
  
  
  
  
  
  
  
  
  
  
  
  
  
  
  
  
  
  
  
  
  
  
  
  
  
  
  
  
  
  
עמוד השער
: 
הבמאי אלפרד היצ
'
קוק
  
  

",100,30,50,60,"['Multiple spaces', 'Multiple empty lines', 'Page numbers in content', 'Repeated headers/footers']",TRUE,990028713870204146,החוג לקולנוע וטלויזיה,6466259,
G:\.shortcut-targets-by-id\1cErCnP4Phe-Supo0U_ju1u-KMunC6Et6\Tau All Data\aws\part2\9932998697404146\12395154870004146\9932998697404146.pdf,67,108778,17160,"1             -               --
   

2
 
 
תודות 
בראש ובראשונה ברצוני להודות למנחה: פרופ' ר
ו ת דפרין על שהסכימה לתת לי את הכבוד לעבוד
 תחת הדרכתה וכל זאת עם המון השקעה, סבלנות, דיוק, דיונים מרתקים
והטמעת 
 אהבתה לתחום
ח קר הכאב. תודה על הפיכת עבודה שיכלה להיות סיזיפית לעבודה מהנה, מעניינת, מאירה
 .ומאתגרת 
 תודה לצוות המסייע במעבדה לחקר הכאב באוניברסיטת תל-
 אביב. לדפנה גרוסברג, הילה גרינר
 ומירב בר יואב
ולשאר צוות המעבדה 
 על השעות המהנות ביחד, התמיכה לאורך הדרך, הלמידה
וההתפת .חות המשותפת 
",75,55,60,63.333333333333336,"['Multiple spaces', 'Multiple empty lines', 'Page numbers in content', 'Repeated headers/footers']",TRUE,9932998697404146,"החוג לפיזיותרפיה,",1126906,
G:\.shortcut-targets-by-id\1cErCnP4Phe-Supo0U_ju1u-KMunC6Et6\Tau All Data\aws\part4\9933291599704146\12396098500004146\9933291599704146.pdf,95,134721,22667,"·/, 
אוניברסיטת
תל
אביב
הפקולטה
לרפואה
ע""ש
סאקלר
המדרשה
לתארים
מתקדמים
בית
הספר
למקצועות
הבריאות
החוג
לריפוי
בעסוק
f~ 
f-.a,.....-~""""""""""'~iוl 
""· 
ביצוע
אקדמי
של
סטודנטים
עם
מוגבלות
פיזית
המשתמשים
במחשב
עבודת
מחקר
לתואר
מוסמך
בריפוי
בעיסוק
אבוניברסיטת
תל
אביב
מוגש
על
דיי
 :
איריס
אדטו
בידן
בהנחיית
ךווך
דליה
זק""ש
 ,
וד11 ך
נעמי
שרויאר
החוג
לריפוי
בעיסוק
אוניברסיטת
חיפה
D 
362~4 
אטד
ו
2128""/ 93 
כס
ו לי
תשס
ח וו
נוב
 , בר מ2007 
1o,:. ~ 

~ 
f ץ1/ 
אוניברסיטת
תל
אביב
הפקולטה
לרפואה
ע11 ש
סאקלר
המ",75,55,70,66.66666666666667,"['Page numbers in content', 'Repeated headers/footers']",TRUE,9933291599704146,הפקולטה לרפואה.,21985571,
G:\.shortcut-targets-by-id\1cErCnP4Phe-Supo0U_ju1u-KMunC6Et6\Tau All Data\aws\part7\9933591714604146\12429983220004146\9933591714604146.pdf,60,60,0,"



























































",75,70,100,81.66666666666667,[],FALSE,9933591714604146,"בית הספר למדעי המתמטיקה,",935101,
G:\.shortcut-targets-by-id\1cErCnP4Phe-Supo0U_ju1u-KMunC6Et6\Tau All Data\aws\part14\990028361240204146\12396616460004146\128922.pdf,210,210,0,"

















































































































































































































",75,70,100,81.66666666666667,[],FALSE,990028361240204146,"המחלקה לפיסיקה ואסטרונומיה,",5846627,
G:\.shortcut-targets-by-id\1cErCnP4Phe-Supo0U_ju1u-KMunC6Et6\Tau All Data\aws\part7\990020538890204146\12415794770004146\002053889-בגוף ראשון אמניות מייצגות בגופן כאב נשי.pdf,241,650,63,"












































































































































































































































TEL-.'\ \יiV. L!Nl\rESITY
THE YOI,AJcDA Al\'D D,\ \'lD K.c\. TZ FACUId TY OF TfiE _\RTS 
GR-\DUATE SCHOOL 
PartTwo 
WOMEN ARTISTS REPRESENT FEMINh',,: PAIN 
THROUGH THEffi BODiES 
REPRESENTATIONS OF PAIN 1N WO4IEN'S ART !N 
'IHE SECOND HALF OF THE TWENTIETH CENTO",75,70,90,78.33333333333333,[],FALSE,990020538890204146,"הפקולטה לאומנויות על שם יולנדה ודוד כץ,",17859060,
G:\.shortcut-targets-by-id\1cErCnP4Phe-Supo0U_ju1u-KMunC6Et6\Tau All Data\aws\part13\9933225293304146\12395882520004146\9933225293304146.pdf,84,127298,21165,",, 
D 
616.836 
ייא
2112900 
אוניברסיטת
תל
אביב* הפקולטה
לרפואה
ע""ש
סאקלר
המדרשה
לתארים
מתקדמים
בית
הספר
למקצועות
הבריאות
על
שם
סטנלי
שטייר
החוג
לפיזיותרפיה
C.1 
ושפt
JJ ת
ש,:,ןב
וt
Jl נJ
""'I וt
1 תנJ11 וtבמזתב7JI תת17 וtא
משנ,ת/
תפק
'""11 
'ם מ
,ט
,
ז,ם1 תפק1 
""'!' ם
תבזת""ם
ב'
'""17 'םJJ ם
ש,ת,ק
מ1 
'תJ תמ1 ז
בג,:,א,ם4-10 שנ,ם
העבו
דה
מוגשת
על
ידי
שרו
ך
 ·
אייזנברג
ת.ז
 :0-2352902-7 
עבודה
זו
בוצעה
כמילו
י ח
לקי
של
ה
דרישות
לקבלת
תואר
מוסמך
בחוג
לפיזיותרפיה
של
הפקולטה
לרפואה
ע""ש
סאקלר
 /
אוניברסי",75,55,70,66.66666666666667,"['Page numbers in content', 'Repeated headers/footers']",TRUE,9933225293304146,החוג לפיזיותרפיה,31581087,
G:\.shortcut-targets-by-id\1cErCnP4Phe-Supo0U_ju1u-KMunC6Et6\Tau All Data\aws\part7\9933711793504146\12451064950004146\9933711793504146 אילן קירש.pdf,94,94,0,"





























































































",75,70,100,81.66666666666667,[],FALSE,9933711793504146,"בית הספר למדעי המחשב,",3030414,
G:\.shortcut-targets-by-id\1cErCnP4Phe-Supo0U_ju1u-KMunC6Et6\Tau All Data\aws\part14\990028710540204146\12396769280004146\2871054.pdf,55,113846,19969,"אוניברסיטת תל-אביב 
הפקולטה למדעים מדויקים על שם ריימונד ובברלי סאקלר 
בית הספר למדעי המחשב על שם בלבטניק 
 
 
 
 
 
 
 
 
שילושי דלוני בקבוצ
ו ת נקודות
מנוונות 
 
 
 
 
 חיבור זה הוגש כעבודת גמר לקראת
התואר 
""מוסמך אוניברסיטה"" בבית הספר למדעי המחשב, אוניברסיטת תל-אביב 
 
על ידי 
 
מיכאל חנימוב 
 
 
 
 
 
 
 
 
 
עבודת המחקר לחיבור זה בוצעה באוניברסיטת תל-אביב בהדרכת 
פרופ' מיכה שריר 
 
 
 
אלול התשע""ה  

1
 
 
תודה 
 
 אני רוצה להודות מעומק ליבי
לפרופ' מיכה שריר על העזרה ,
 התמיכה וההשקעה
ה
עצו",75,30,50,51.666666666666664,"['Multiple spaces', 'Multiple empty lines', 'Page numbers in content', 'Repeated headers/footers']",TRUE,990028710540204146,"בית הספר למדעי המחשב,",2824336,
G:\.shortcut-targets-by-id\1cErCnP4Phe-Supo0U_ju1u-KMunC6Et6\Tau All Data\aws\part11\990025582500204146\12396491620004146\2558250.pdf,70,70,0,"





































































",75,70,100,81.66666666666667,[],FALSE,990025582500204146,"החוג לפסיכולוגיה,",31305549,
G:\.shortcut-targets-by-id\1cErCnP4Phe-Supo0U_ju1u-KMunC6Et6\Tau All Data\aws\part10\990024267050204146\12395457780004146\118737.pdf,155,155,0,"


























































































































































",50,70,100,73.33333333333333,[],FALSE,990024267050204146,"בית הספר למדעי המתמטיקה,",2780820,
G:\.shortcut-targets-by-id\1cErCnP4Phe-Supo0U_ju1u-KMunC6Et6\Tau All Data\aws\part1\990020054130204146\12394573640004146\002005413.pdf,452,1034800,187820,"אוניברסיטת  תל-אביב
  
 
 
 
 
 
 
 
 הפקולטה למדעי
 -הרוח
  
 
 
 
 
 
 בית הספר למדעי היהדות ע
""
ש חיים רוזנברג
  
 
 
 
 הוועדה היחידתית לתלמידי מחקר מדעי היהדות וארכיאולוגיה
  
  
  
  
  
  
  
מגמות לאומיות בעיבודים לעברית לילדים  
                        
 של מעשיות האחים גרים בדור
""
התחייה
""  
  
 
 
 
 
  
 
 
 
 
 
 
 חיבור
לשם קבלת התואר 
""ד""
ר לפילוסופיה
   ""
 
 
 
 
 
 מאת
: 
שמעונה פוגל
  
  
  
  
  
 
 
 
 
 
 
 
 
 
 מוגש לסנט אוניברסיטת ת
   א""
  
  
 
 
 
 כסלו תשס
""ד
 
 
 
 
",100,30,50,60,"['Multiple spaces', 'Multiple empty lines', 'Page numbers in content', 'Repeated headers/footers']",TRUE,990020054130204146,החוג ל,10346679,
G:\.shortcut-targets-by-id\1cErCnP4Phe-Supo0U_ju1u-KMunC6Et6\Tau All Data\aws\part2\9932998490804146\12395115420004146\9932998490804146.pdf,159,159,0,"






























































































































































",50,70,100,73.33333333333333,[],FALSE,9932998490804146,"החוג למדעי המחשב,",2006758,
G:\.shortcut-targets-by-id\1cErCnP4Phe-Supo0U_ju1u-KMunC6Et6\Tau All Data\aws\part7\9933771454904146\12464473150004146\9933771454904146.pdf,137,316448,49760," 
 
 בית הספר להיסטוריה 
 החוג ללימודי מזרח אסיה 
 
 
 
 
 
 
 
 
 
 
 
:מבעד לרשת 
 שיח וייצוג של זהות ומיניות נשית בסדרות רשת
 הודיות 
 
 
 
חיבור זה הוגש כעבודת גמר לקראת 
 התואר 
 מוסמך אוניברסיטה – 
M.A 
 
 באוניברסיטת ת""א 
 
 
 
 
 
 על ידי 
 ירדן אמיר 
 
 :מנחה 
 ד""ר רוני פרצ'ק 
 
 
 
 נובמבר2024
 
 
 
 

 
 
The Lester and Sally Entin Faculty of Humanities 
The Department of East Asian Studies 
 
 
 
 
 
 
 
 
 
 
Beyond the Web: 
Discourse and Representation of Female Identity 
and Sexu",75,45,70,63.333333333333336,"['Multiple empty lines', 'Page numbers in content', 'Repeated headers/footers']",TRUE,9933771454904146,"החוג ללימודי מזרח אסיה,",2995923,
G:\.shortcut-targets-by-id\1cErCnP4Phe-Supo0U_ju1u-KMunC6Et6\Tau All Data\aws\part7\9933525206104146\12417130560004146\9933525206104146.pdf,161,340389,54077,"1
 
 
 
 הפקולטה למדעי החברה ע""ש גרשון ה. גורדון 
 בית הספר למדע המדינה, ממשל וליחסים בינלאומיים 
 החוג למדע המדינה 
 
 
 קבלת החלטות אלגוריתמית וסוגיית האחריות במובנה המורכב 
 
 
חיבור זה מוגש כעבודת גמר לשם קבל
ת 
 תואר ""מוסמך
""אוניברסיטה- 
.מ.א 
 באוניברסיטת תל אביב 
 
 
 
 
 מגיש: דניאל זהבי 
 
עבודה זו נכתבה בהנחייתו ובהדרכתו 
 .של פרופ' אוריאל אבולוף 
 
 
דצמבר 
2022
 
 

2
 
 
תקציר-
 
 
הטכנולוגיה  האלגוריתמית  לקבלת  החלטות  
 הווה  אומר,  מערכת  קבלת  החלטות  מבוססת
 ,אלגוריתם שהינה אח",100,30,70,66.66666666666667,"['Multiple empty lines', 'Page numbers in content', 'Repeated headers/footers']",TRUE,9933525206104146,"בית הספר למדע המדינה, ממשל ויחסים בינלאומיים,",1134429,
G:\.shortcut-targets-by-id\1cErCnP4Phe-Supo0U_ju1u-KMunC6Et6\Tau All Data\aws\part7\990026935620204146\12410644690004146\002693562.pdf,261,513623,79684,"אוניברסיטת תל-
 אביב 
הפקולטה למדעי הרוח ע""ש לסטר וסאלי אנטין 
ביה""ס להיסטוריה 
 
 
 
 מחסור המים בסוריה בין השנים 
 (
0202-0892
)
 
"" חיבור זה הוגש לשם קבלת  התואר "" דוקטור לפילוסופיה 
 באוניברסיטת תל אביב 
 
 
על- ידי : עראף פיראס 
 
 העבודה הוכנה בהדרכת : פרופ' גדעון
ביגר 
 
 
 
 
 
 
 
 
 
אוגוסט   
1024
 
 

I 
 
הכרת תודה 
משחר ההיסטוריה סובל אזורנו ממחסור במים ובו בזמן הולכת צריכת המים של התושבים וגדלה .
מסיבה זו הפך נושא המים מוקד למחלוקת וסכסוך בין עמי האזור .שאלות כגון פיתוח ,בניית 
מע",75,30,50,51.666666666666664,"['Multiple spaces', 'Multiple empty lines', 'Page numbers in content', 'Repeated headers/footers']",TRUE,990026935620204146,לא ידוע,8915712,
G:\.shortcut-targets-by-id\1cErCnP4Phe-Supo0U_ju1u-KMunC6Et6\Tau All Data\aws\part6\990032813650204146\12397365370004146\3281365.pdf,107,141603,29333," 
I 
 
 
יברסיטת תלאו-אביב
  
דסה ע""ש איבי ואלדר פליישמןהפקולטה לה
  
בית הספר 
דמן לתארים מתקדמים ע""ש ז
– 
ר סליי
  
  
 
  
שיפור ביצועי מערכת איכון
  
 
י יחוס ע""י שימוש בקור
קוא
ו
פרטיביים
 
  
  
  
חיבור 
דסת חשמל יברסיטה"" בהזה הוגש לקראת התואר ""מוסמך או
  
על - ידי
  
אילון רגב
  
  
  
 
 
 
 
  
  
פבר
ואר 2016
  
 
  

 
II 
 
 
יברסיטת תלאו-אביב
  
דסה ע""ש איבי ואלדר פליישמןהפקולטה לה
  
דמן בית הספר לתארים מתקדמים ע""ש ז
– 
ר סליי
  
  
 
  
שיפור ביצועי מערכת איכון
  
 
י ",75,55,40,56.666666666666664,"['Multiple empty lines', 'Page numbers in content', 'Repeated headers/footers']",TRUE,990032813650204146,"School of Electrical Engineering,",5569945,
G:\.shortcut-targets-by-id\1cErCnP4Phe-Supo0U_ju1u-KMunC6Et6\Tau All Data\aws\part3\990025156900204146\12395807470004146\2515690.pdf,197,525744,149196,"	



	




















































	





































































	



	



	










	






























 
 
























 






 








 
 

",100,55,75,76.66666666666667,"['Multiple empty lines', 'Page numbers in content', 'Repeated headers/footers']",TRUE,990025156900204146,החוג למדיניות ציבורית,2284205,
G:\.shortcut-targets-by-id\1cErCnP4Phe-Supo0U_ju1u-KMunC6Et6\Tau All Data\aws\part2\990022709730204146\12395012190004146\002270973.pdf,114,114,0,"

















































































































",75,70,100,81.66666666666667,[],FALSE,990022709730204146,"בית הספר לחינוך,",4942420,
G:\.shortcut-targets-by-id\1cErCnP4Phe-Supo0U_ju1u-KMunC6Et6\Tau All Data\aws\part7\9933720817704146\12452844160004146\9933720817704146.pdf,125,146305,23424,":גע-. 
!2 
-בB 
אוניברסיטת
אביב-תל
בית
הםפו
לרפואה
יעיש
אלוpם
וחמ.לקה
למיקורבירלרגיה
הרם~ית
השפעת
טיפול
משולב
ב·IDOXURIDINE-1 POLYINOSINIC: POLYCVTIDVLIC ACID 
על
ארנבות
מחוסנות
ועל
ארנבות
בלתי
 '
מחוסנות
שהודבקו
בנגיף-הHERPES SIMPLEX 
חיברו
זה
הוגש
כעבודת
גמר
לקארת
התואר
יימרמםך
לדמעייםי
מבחלקה
למיקרוביולוגיה
חרמנית
אבוגיברםיטת
אביב-תל
על
ירי
תמר
ב.אום
העגררה
הרכנה
במחלקה
למיקררבירלרגיה
חרמנית
.של
בית
הםפר
לרפואה
אגיב,-תל
בהדרכת
פורפי
ע.
איילך
ררייר
א.
םסםנח
אדר
תשמ""ב
 '
מרץ1982 
'

אוניברסיטת
",75,55,70,66.66666666666667,"['Page numbers in content', 'Repeated headers/footers']",TRUE,9933720817704146,החוג למיקרוביולוגיה הומנית,3766995,
G:\.shortcut-targets-by-id\1cErCnP4Phe-Supo0U_ju1u-KMunC6Et6\Tau All Data\aws\part10\990004158560204146\12395561060004146\990004158560204146.pdf,86,86,0,"





















































































",75,70,100,81.66666666666667,[],FALSE,990004158560204146,"בית הספר למוסמכים במינהל עסקים על שם לאון רקנטי,",39642261,
G:\.shortcut-targets-by-id\1cErCnP4Phe-Supo0U_ju1u-KMunC6Et6\Tau All Data\aws\part4\990025342830204146\12396107440004146\2534283.pdf,111,101554,15084,"אוניברסיטת תל-אביב 
הפקולטה לרפואה ע""ש סאקלר 
החוג למיקרוביולוגיה ואימ
ו
נולוגיה קלינית 
 
 
מיפוי גנים המקנים עמידות לזיהומים עם חיידק ה 
Klebsiella
 
בזנים של עכברים בעלי מבנה גנטי הטרוגני 
(Collaborative Cross)
 
 
 
חיבור לשם קבלת התואר ""דוקטור לפילוסופיה"" מאת 
קרין ורד 
 
 
 
 
 
 
 
             הוגש לסנאט של אוניברסיטת תל-אביב 
 
 
 יוני2013
 
 
 
 
 
 
 
 
 
 
 

 
 
 
 
 
 
 
 
 
 
 
 
 
עבודה זו נעשתה בהדרכת 
פרופ' פואד עיראקי 
 
 
 
 
 
 
 
 
 
 
 
 
 
 
 
 
 
 
 
 
 
 
 

 
תודות 
 
",75,40,60,58.333333333333336,"['Multiple empty lines', 'Page numbers in content', 'Repeated headers/footers']",TRUE,990025342830204146,"החוג למיקרוביולוגיה ואימונולוגיה קלינית,",5410956,
G:\.shortcut-targets-by-id\1cErCnP4Phe-Supo0U_ju1u-KMunC6Et6\Tau All Data\aws\part7\9933720818004146\12452844250004146\9933720818004146.pdf,65,76317,12748,"ד
1
אוניברסיטח
אביב-חל
הפקולטה
ביח-לרפואה
ספר
לרפואה
ע""ש
סאקלר
החוג
לפיזיולוגיה
ופרמקולוגיה
חגובוח
אלקטךופיזיולוגיוח
של
 •IONOPHORE 
A231B7 
~ 
c בביציח
הצפרדע
XENOPUS LAEVIS 
,_ 
חיבור
לשם
קבלח
החואר
""מוסמך
למדעים""
מאח
ברטון
רוני
 '
 ,
אוגוסט1986 
1 • 
""',,.!l •רגn 
-
<:'' 
~'יייי
j 
-:.,~ ר
נC
. 
-; ""י
s) 

,f 
, 
Q 
הרופס
כ
וירגון
 (
ארניברסיסת
אביב-תל
 '

להוריl 
•לאשח
בהוקרה

ענודה
זר
ברצעה
בהדרכחס
של
פרופסור
,ורם
לס
וד""ר
נחו
דםקל
כחוג
לפיזיולוגיה
ופרמקולוגיה
 .
כיח
ספר
לרפואה
אוניברסיטח
ח""",75,80,60,71.66666666666667,"['Page numbers in content', 'Repeated headers/footers']",TRUE,9933720818004146,החוג לפיזיולוגיה ולפרמקולוגיה,1130444,
G:\.shortcut-targets-by-id\1cErCnP4Phe-Supo0U_ju1u-KMunC6Et6\Tau All Data\aws\part7\9933554512504146\12441893470004146\9933554512504146.pdf,89,132484,23487,"' • 
,• 
.·;.-
l i 
& ך
fii נ
 ~
 .. '
:-,·,,. 
g,-4 
/ אוניברסיטתn ל·אביב
הפאו>טלה
 ה:::,;;~:;:::
 ~~::'
ע·ס
 ,:···11 
} 
f 
ןכl
ii 
וצורת
הגורם
המעכב
גדודה
בעכבר
 )MIF 
(, 
הגדרת
המערכת
ואפוון
התאום
המפרושום
חזבןר
זה
ה1 גש
כעב1 דת
גמר
לקראת
הת1 אר
•מוסמך
במדעי
.הרפואה•
באוניברסיטת
תל·אביב
על
 ,,,
אירית
אלטבוים
 ~
הבע1 דה
הוכנה
בהדרכת
 :
פרופ·
א.
פ•ן,
 ., .. (\
 '
אנ
תשל•ו-אוגוסט1976 

אוניברסיטתn ל·אביב
הפאקולטה
לרפואה-ב•ת
הספר
לרפואה
ע·ש
סאקלר
החוג
למ•קרוב•ולוג•ה
הומנ•ת
וצורת
הגורם
המעכב
נדוד",75,80,60,71.66666666666667,"['Page numbers in content', 'Repeated headers/footers']",TRUE,9933554512504146,החוג למיקרוביולוגיה הומנית,1967627,
G:\.shortcut-targets-by-id\1cErCnP4Phe-Supo0U_ju1u-KMunC6Et6\Tau All Data\aws\part7\9933664212904146\12443352010004146\9933664212904146.pdf,55,77304,12085,"אוניברסיטת תל אביב
 
בית הספר לרפואה 
 
המחלקה לביולוגיה תאית 
והתפתחותית
  על רמת הכולסטרול בדםFAT10 השפעת חסר גנטי של
 LDL -בעכברים חסרי הקולטן ל
  The Effect of FAT10 gene deletion on plasma cholesterol levels in LDL 
Receptor-deficient mice
 :עבודת המחקר מוגשת על ידי
פוליאנה קסיס 
אביב- עבודה זו בוצעה כמילוי חלקי של הדרישות לקבלת תואר מוסמך בפקולטה לרפואה, אוניברסיטת תל
 מרכז הליפידים ע""ש ברוך שטרסבורגר ז""ל, המרכז הרפואי MD, PhD)(  בהנחייתו של פרופ' יהודה קמרי
השומר  -ע""ש שיבא, תל
____  חתימ",75,40,60,58.333333333333336,"['Multiple empty lines', 'Page numbers in content', 'Repeated headers/footers']",TRUE,9933664212904146,"החוג לביולוגיה תאית והתפתחותית,",835884,
G:\.shortcut-targets-by-id\1cErCnP4Phe-Supo0U_ju1u-KMunC6Et6\Tau All Data\aws\part4\990025337160204146\12396101340004146\2533716.pdf,37,65792,10275," 
 
 אוניברסיטת תל- אביב 
הפקולטה למדעי החיים ע""ש ג'ורג' ס. וייז 
המדרשה לתארים מתקדמים 
 
 
""חיבור זה הוגש כעבודת גמר לקראת התואר ""מוסמך אוניברסיטה במסלול יונ
רוביולוגיה 
באוניברסיטת תל אביב 
 
 
 
 מערכת לאפיון מהיר של אינטראקציות בין רעלנים חלבוניים ותעלות
אשלגן תלו
יות-מתח 
 
 
 
על ידי 
תומר זיגלמן 
 
 
העבודה הוכנה במסגרת המחלקה לביולוגיה מולקולרית ואקולוגיה של צמחים 
 
בהנחיית 
פרופ' מיכאל גורביץ 
 
 
 
 
 
אוקטובר 
2014
 
 

 אוניברסיטת תל- אביב 
הפקולטה למדעי החיים ע""ש ג'ורג' ס. וייז 
ה",75,55,70,66.66666666666667,"['Multiple empty lines', 'Page numbers in content', 'Repeated headers/footers']",TRUE,990025337160204146,"החוג לביולוגיה מולקולרית ואקולוגיה של צמחים,",1894715,
G:\.shortcut-targets-by-id\1cErCnP4Phe-Supo0U_ju1u-KMunC6Et6\Tau All Data\aws\part1\990028426310204146\12393332140004146\990028426310204146.pdf,254,631543,103952,"I
 
 
  
אוניברסיטת תל-אביב
 
ביה""ס ללימודי הסביבה ע""ש פורטר
  
   
  
הנושא
   :
 
צדק חלוקתי גלובלי באקלי
 משתנה
  
  
   
   
חיבור זה 
מ
וגש כעבודת גמר לקראת התואר
  
   
""דוקטור לפילוסופיה"" 
)PhD( בלימודי סביבה
  
   
באוניברסיטת תל
 
אביב
  
   
   
על ידי
: 
גיל דרור
  
   
   
העבודה הוכנה ב
הנחיית
: 
ד""ר עובדי
ה עזר
   א
   
   
   
   
פברואר
 2015
   

II
 
 
תודות
  
  
.ברצוני להודות לכל אות אנשי, שבלעדיה עבודה זו לא הייתה באה לידי השלמה
  
  
ראשית לכל, ברצוני להודות לד""ר עובדי",75,55,40,56.666666666666664,"['Multiple spaces', 'Multiple empty lines', 'Page numbers in content', 'Repeated headers/footers']",TRUE,990028426310204146,לא ידוע,1773526,
G:\.shortcut-targets-by-id\1cErCnP4Phe-Supo0U_ju1u-KMunC6Et6\Tau All Data\aws\part10\990024323030204146\12395487240004146\2431490.pdf,139,169970,30200,"אוניברסיטת תל־אביב
הפקולטה להנדסה ע""ש איבי ואלדר פליישמן
בית הספר לתארים מתקדמים ע""ש זנדמן־סליינר
אנליזה מיקרומכאנית של חומרים מרוכבים
ארוגים תלת מימדיים באמצעות שיטת אלמנט
סופי
חיבור זה הוגש כעבודת גמר לקראת התואר ""מוסמך אוניברסיטה"" במדע והנדסת חומרים
על־ידי
יבגני יוז'לבסקי
תשרי תשע""ג

אוניברסיטת תל־אביב
הפקולטה להנדסה ע""ש איבי ואלדר פליישמן
בית הספר לתארים מתקדמים ע""ש זנדמן־סליינר
אנליזה מיקרומכאנית של חומרים מרוכבים
ארוגים תלת מימדיים באמצעות שיטת אלמנט
סופי
חיבור זה הוגש כעבודת גמר לקראת התו",75,55,60,63.333333333333336,"['Page numbers in content', 'Repeated headers/footers']",TRUE,990024323030204146,"המחלקה למדע והנדסה של חומרים,",20193646,
G:\.shortcut-targets-by-id\1cErCnP4Phe-Supo0U_ju1u-KMunC6Et6\Tau All Data\aws\part4\990025565770204146\12396278200004146\2556577.pdf,101,136408,17019,":l':ll\ 'in nU'O':l'lll\ 
;""Ii:ln;'l '1l1?:l'i ;""Iu'ilj.'!l;'l 
:1'll'i:P'O!l'i lltr.1 
il\1n;'l nl\ij.''i i1.:l;;' mmj 11Ill?:l ;'IT il:l'n  
;'i:1tr.1 '1l1?:l:1 1?:lOl?:l  
:1':11\ 'in nU'Oi:1'lll\:l  
,1m ""1K :'"" 7I1 1Ul11.:1 
O'K:un, 710'1.:1 '"",,!) 
ll'j.' K""'l
'"" 
'll""ll 
2002~~ 

:'C.1lQ .n~ l'I'T'13rr 
""1!:)'TI' ""='1 :T.I"":EI ,CI.."".,rr .,.,.""rr';> 

n1lll1""1 1iinll? ::m1ll 01 ;'J11!1~'NlU ,;""11101:);""1 ;'I'm;""1;""1 'Ill 01N:l.lT11 ?N:l'1:) '!l11~? ;'JP11.)1I;""1 'lmn 
.;""1ll'::ln1.);""11 n",90,80,75,81.66666666666667,"['Page numbers in content', 'Repeated headers/footers']",TRUE,990025565770204146,"החוג לפסיכולוגיה,",2595078,
G:\.shortcut-targets-by-id\1cErCnP4Phe-Supo0U_ju1u-KMunC6Et6\Tau All Data\aws\part16\990029811540204146\12397065310004146\348660.pdf,126,164691,28096,"' 
חמקרים
על
ליזרזים
רלי\רזים
מסומן
בספיו
בשיתס·
החתרדה
הגמנטית
 >
i ... ~ 
חיברו
שלם
קבלת
התראו
יידרטקרר
לפיל.רםרפיה""
 ,
תאנכ
רזת
סלע
 ~· ;.:
,t_, 
...:.,,.....,.,.~ ............ 
-
. 
הרגש
לםינאטll! ל
ארניברםיטת
באיב-ת·ל
תשר•
י
תשל""ז

;;,--'• ,ד
'p> ,)נ
 __\
,עבר
דה
זאח
בעשnn 
· 'בה
דרכח
פ:ר.רפ!
תםחיה,ר
~;ו'ייבבלט

חרדתי
נתרנ:ו
לפררפ.'
מתי
שי.י,נבלb 
על
הדרכתן
רעזרתר
תרגזו
בבצ,רע.
עבר
זה
.-זאת
 ,
 \,

n ר
כ.
ר
ע
ב
י
י
ב
י
ם
עמר_ד,
'I במרא
כללי
 . ""'
 '
א,
ב,
לי
זרזים
 .
 ,. ·:
חקר
אנזימ?ם
קא~ע",75,80,60,71.66666666666667,"['Page numbers in content', 'Repeated headers/footers']",TRUE,990029811540204146,"המחלקה לכימיה,",2578519,
G:\.shortcut-targets-by-id\1cErCnP4Phe-Supo0U_ju1u-KMunC6Et6\Tau All Data\aws\part2\9932991899204146\12395081280004146\9932991899204146.pdf,75,75,0,"










































































",50,70,100,73.33333333333333,[],FALSE,9932991899204146,"החוג למתמטיקה שימושית,",676144,
G:\.shortcut-targets-by-id\1cErCnP4Phe-Supo0U_ju1u-KMunC6Et6\Tau All Data\aws\part2\9932977698404146\12394990500004146\9932977698404146.pdf,131,248357,37937,"אוניברסיטת תל אביב 
הפקולטה לרפואה ע""ש סאקלר 
המדרשה לתארים מתקדמים ע""ש מרים ושלדון ג' אלדסון
זיהוי ליקויים נוירו-
 קוגניטיביים כגורמי סיכון אפשריים לתסמונות פרודרומליות
ולפסיכוזה ב-
Velo cardio facial syndrome
 (
VCFS
)
 
 חיבור לשם קבלת התואר
""דוקטור לפילוסופיה"" 
מאת רוני וינברגר  
הוגש לסנאט של אוניברסיטת תל- אביב
י  ל יו8009
 

 
 
 עבודה זו בוצעה בהדרכת פרופ' דורון גוטהלף 
פרופ' מן המניין בחוג לפסיכיאטריה, הפקולטה לרפואה ע""ש סאקלר, אוניברסיטת תל אביב 
מנהל החטיבה לפסיכיאטריה של הילד והמתבגר",75,30,50,51.666666666666664,"['Multiple spaces', 'Multiple empty lines', 'Page numbers in content', 'Repeated headers/footers']",TRUE,9932977698404146,החוג לרפואה כללית,2320952,
G:\.shortcut-targets-by-id\1cErCnP4Phe-Supo0U_ju1u-KMunC6Et6\Tau All Data\aws\part3\990025132720204146\12395797400004146\2513272.pdf,38,43574,7019,"1
 
 
מרץ ,
4102
 
/ 
אוניברסיטת תל-אביב 
הפקולטה לרפואה ע""ש סאקלר 
 
היארעות 
 דלף אוויר לאחר ניקור מלעורי של הריאה בהנחייתCT
 
 ובחינת הגורמים
המנבאים סיבוך זה 
 
The incidence and predictors of pneumothorax after CT guided 
percutaneous lung Fine Needle Aspiration or Biopsy 
 
עבודה זו מוגשת כחלק מהדרישות לקבלת תואר ""דוקטור לרפואה ""מטעם בית הספר לרפואה ע""ש סאקלר של 
אוניברסיטת תל-
.אביב 
 
 :מוגש על ידי 
  יפעת ויגיסר 
 
העבודה בוצעה בהנחייתו של: ד""ר אמיר בר - שי , רופא בכיר, מכון ריאות, המרכ",75,65,50,63.333333333333336,"['Multiple spaces', 'Multiple empty lines', 'Page numbers in content']",TRUE,990025132720204146,"Faculty of Medicine,",1034253,
G:\.shortcut-targets-by-id\1cErCnP4Phe-Supo0U_ju1u-KMunC6Et6\Tau All Data\aws\part16\990030681330204146\12397095420004146\341475.pdf,108,108,0,"











































































































",75,70,100,81.66666666666667,[],FALSE,990030681330204146,"בית הספר לפיסיקה ואסטרונומיה,",2534733,
G:\.shortcut-targets-by-id\1cErCnP4Phe-Supo0U_ju1u-KMunC6Et6\Tau All Data\aws\part2\9932995795604146\12395124600004146\9932995795604146.pdf,77,53301,10204,"Tel-Aviv University - Department of Engineering Sciences 
WAVE PROPAGATION IN NON-HOMOGENEOUS THIN REGIONS 
Thesis submitted towards the M.Sc. Degree 
of Tel-Aviv University 
by 
Philip Rosenau 
The research work for this thesis has been 
carried out at Tel-Aviv University under 
the direction of Dr. Benjamin Rulf. 
""Marcn J. 9 71 

My thanks are given to Dr. Benjamin Rulf 
for his direction and hie kind help in 
preparing this thesis. 

:CONTENTS 
l§ 
Introduction 
2§ 
Ordinary Asymptotic Expan",75,80,75,76.66666666666667,['Page numbers in content'],TRUE,9932995795604146,"החוג למתמטיקה,",975462,
G:\.shortcut-targets-by-id\1cErCnP4Phe-Supo0U_ju1u-KMunC6Et6\Tau All Data\aws\part4\9933346753204146\12396337250004146\9933346753204146.pdf,63,63,0,"






























































",75,70,100,81.66666666666667,[],FALSE,9933346753204146,"החוג למדעי המחשב,",1433156,
G:\.shortcut-targets-by-id\1cErCnP4Phe-Supo0U_ju1u-KMunC6Et6\Tau All Data\aws\part10\990024307060204146\12395480530004146\2430706.pdf,30,39610,5737," 
 
 
אוניברסיטת תל-אביב 
הפקולטה לרפואה ע""ש סאקלר 
 
 
 כשלון צנתור ראשוני בחולים עם אוטם לבבי חריף ועלית מקטעST
:
 
 שכיחות גורמי
ה סיכון
הו תוצאות
קליניות.
 
 
 עבודה זו מוגשת
כחלק מהדרישות לקבלת תואר ""דוקטור לרפואה ""מטעם בית הספר לרפואה ע""ש סאקלר 
של אוניברסיטת תל-
.אביב 
 
 
:מוגש על ידי 
סלמא אבו פול 
 
 
 :העבודה בוצעה בהנחייתו של
פרופסור עבד עסלי
, מנהל שירות צנתורי לב ,
 ,מערך קרדיולוגי 
 מרכז רפואי
רבין- 
 .קמפוס בילינסון, הפקולטה לרפואה ע""ש סאקלר, אוניברסיטת תל אביב 
מדריך מלווה: 
 ,ד",75,80,60,71.66666666666667,"['Multiple empty lines', 'Page numbers in content', 'Repeated headers/footers']",TRUE,990024307060204146,לא ידוע,832246,
G:\.shortcut-targets-by-id\1cErCnP4Phe-Supo0U_ju1u-KMunC6Et6\Tau All Data\aws\part12\9933189290904146\12395620470004146\9933189290904146.pdf,92,124234,19294," 
 
אוניברסיטת תל אביב 
 
הפקולטה הל
נדסה ע""ש איבי ואלדר פליישמן 
בית הספר לתארים מתקדמים ע""ש זנדמן סליינר 
 
מיתון השפעת י צור
סולארי 
 על המתח ברשת חלוקה רב קווית
באמצעות שיטת בקרה המבוססת על חישוב 
 נקודת מרכז
ה עומס
בזמן אמת 
 
ח
יבור זה הוגש כעבודת גמר לקראת התואר 
""""מוסמך אוניברסיטה 
בהנדסת חשמל על ידי 
באסל חסן 
 
: המחקר נעשה תחת הנחייתם של 
פרופ' דורון שמילוביץ 
ד""ר מריו ברמן 
 
מאי 
2020
 

 
 
II
 
 
 
 
 
TEL AVIV UNIVERSITY 
 
The Iby and Aladar Fleischman Faculty of Engineering 
Th",75,40,50,55,"['Multiple spaces', 'Multiple empty lines', 'Page numbers in content', 'Repeated headers/footers']",TRUE,9933189290904146,"בית הספר להנדסת חשמל,",5758764,
G:\.shortcut-targets-by-id\1cErCnP4Phe-Supo0U_ju1u-KMunC6Et6\Tau All Data\aws\part6\990032774860204146\12397363720004146\3277486.pdf,107,179243,28693,"I 
אוניברסיטת תל-אביב 
בית הספר לחינוך 
 ע""ש חיים וגואן קונסטנטינר
  החוג למדיניות ומנהל בחינוך
מידול ההישגים בבגרות באמצעות מאפייני המורים 
 בבתי הספר
התיכוניים בחברה הערבית ותפיסתם את המנהל האפקטיבי 
(
26037
 
)מילים  
ד עבו
ת מחקר שקולה לעבודת ה
גמר ל
      תואר השני
     
אוקטובר, 
2017

I 
 
 
 
לפרופ 'פאדיה נאסר אבו אלהיג'א 
מורה, מנחה, תומ
כת ,אשת 
,תובנות וידע רב 
על הסובלנות, הסבלנות, הנגישות והס
יוע 
בכל זמן ובכל שעה 
את ראוי
ה 
 למילה אחת 
 גדולה ומשמעותית כל כך בעיניי 
ת ו ד ה 
 
 
 ",100,40,60,66.66666666666667,"['Multiple spaces', 'Multiple empty lines', 'Page numbers in content', 'Repeated headers/footers']",TRUE,990032774860204146,"בית הספר לחינוך,",3137041,
G:\.shortcut-targets-by-id\1cErCnP4Phe-Supo0U_ju1u-KMunC6Et6\Tau All Data\aws\part17\990030926490204146\12397239380004146\3092649.pdf,57,77070,12584,"1
אוניברסיטת
תל -אביב 
הפקולטה
 
לרפואה
 ע""ש 
סאקלר 
המדרשה
 
לתארים
 
מתקדמים
'  דר ש""ע 
מרים
 
ושלדון
'  ג 
   אדלסון
התחום
:  
 מדעי הרפואה–
 
.  גנטיקה מולקולרית וביוכימיה של האדם
הנושא
: 
בחינת
 
ההשפעה
  של 
שינויים
 
כמותיים
 
בגנום
  על 
דפוס
 
ההכפלה
  של 
גנים ביאלליים ומונואלליים.
      - 
 ידי : עופרי שימרוני-  העבודה מוגשת על
עבודה
  זו 
בוצעה
 
כמילוי
 
חלקי
  של 
הדרישות
 
לקבלת
 
תואר
 
מוסמך
 
בפקולטה
 
לרפואה
 ע""ש 
סאקלר
 
אוניברסיטת
תל -אביב
.   
בהנחייתו
 
של: 
פרופ' 
  מוטי ",75,55,70,66.66666666666667,"['Multiple empty lines', 'Page numbers in content', 'Repeated headers/footers']",TRUE,990030926490204146,"החוג לגנטיקה מולקולרית של האדם וביוכימיה,",1789845,
G:\.shortcut-targets-by-id\1cErCnP4Phe-Supo0U_ju1u-KMunC6Et6\Tau All Data\aws\part10\990024309900204146\12395470460004146\2430990.pdf,79,79,0,"














































































",75,70,100,81.66666666666667,[],FALSE,990024309900204146,"בית הספר לחינוך,",984406,
G:\.shortcut-targets-by-id\1cErCnP4Phe-Supo0U_ju1u-KMunC6Et6\Tau All Data\aws\part4\990025573110204146\12396365140004146\2557311.pdf,48,91885,11837,"2 
rRAUIU UNIVERSITY *' )')N-)()f)U'Ol:lIJIN 
!1\l'I')!1l'1,,!1\l'Ol'I 
>"",up.., )1N>!1 V''lI tI.i""'» !1l'IUI!I. tI""!II:I'Oll:l!J ""'lI'Ol'I n'!I. 
1':""0 nn'p' 1'l' ""Olni1 ""l""!lNO l'l 1U)jli1 
D'U11'UO' D'1l'V l1Pl i11'lV n1""nll 
TO) ::IN1' ':l1l:l : n'T1:I)Jn nnm 
Z005 l:lr.l:l U 
I 
i1I1:lllil :l111::l J'V l'l11)11 Oi1n i1I1:l)):l O'))'!llr.m l11JDODi11 O,;;~;;~ 
, 
'ill/) J'V On'J11))11 Oil'l11!lP'Vill1N nl::lil:l O'~:;""r.J Ol'Nl1:lJ:l 
I 
, 
I 
__._;'_1il_'l~;' ilI)71l]!lil ,'V '~Oi1 'l:ln 11",100,80,75,85,['Page numbers in content'],TRUE,990025573110204146,"בית הספר למוסמכים במינהל עסקים על שם לאון רקנטי,",1401151,
G:\.shortcut-targets-by-id\1cErCnP4Phe-Supo0U_ju1u-KMunC6Et6\Tau All Data\aws\part7\990020398540204146\12420644290004146\002039854.pdf,134,4985,743,"


































































67 - עמוד
 חסר בגרסה
 המודפסת
שנסרקה



























































126 - עמוד
 חסר בגרסה
 המודפסת
שנסרקה



TEL-A VIV UNIVERSITY 
THE YOLANDAAND DAVID KATZ FACULTYOFTHEARTS 
GRADUATE SCHOOL 
DUBBING-A LABOUR OF SATAN 
SOUND AND IMAGE IN DOUGLAS GORDON'S 
FEATURE FILM 
By 
Yehudit Shapira-Haviv 
This thesis was supervised 
By 
Dr. Michal Grover-Friedlander 
March2005 

Abstract 
Film has decisively imp",75,70,100,81.66666666666667,[],FALSE,990020398540204146,"הפקולטה לאומנויות על שם יולנדה ודוד כץ,",8318293,
G:\.shortcut-targets-by-id\1cErCnP4Phe-Supo0U_ju1u-KMunC6Et6\Tau All Data\aws\part2\990022722460204146\12395166960004146\002272246.pdf,52,52,0,"



















































",75,70,100,81.66666666666667,[],FALSE,990022722460204146,"בית הספר לחינוך,",1371537,
G:\.shortcut-targets-by-id\1cErCnP4Phe-Supo0U_ju1u-KMunC6Et6\Tau All Data\aws\part2\990022710130204146\12394997330004146\002271013.pdf,112,112,0,"















































































































",75,70,100,81.66666666666667,[],FALSE,990022710130204146,"בית הספר לחינוך,",2146829,
G:\.shortcut-targets-by-id\1cErCnP4Phe-Supo0U_ju1u-KMunC6Et6\Tau All Data\aws\part14\990028424860204146\12396709380004146\2842486.pdf,73,118527,18397," אביב-אוניברסיטת תל
הפקולטה לרפואה ע""ש סאקלר 
המדרשה לתארים מתקדמים ע""ש מרים ושלדון ג' אדלסון 
החוג להפרעות בתקשורת 
פוטנציאליים שמיעתיים 
היכריים למטלות הבחנה 
שמיעתית בילדים עם שתל 
שבלול לאוזן ימין לעומת שמאל
עבודה זו הוגשה כמילוי חלקי של הדרישות לקבלת התואר ""מוסמך אוניברסיטה"" מטעם 
אוניברסיטת תל אביב, בפקולטה לרפואה ע""ש סאקלר, בית הספר למקצועות הבריאות,  
החוג להפרעות בתקשורת 
מוגש על ידי: אורית חלמיש 
 
בהנחיית
: 
ד""ר יעל הנקין 
         פרופ' מינקה הילדסהיימר
 רבין-     פרופ' ליאת קישון
 _",75,55,60,63.333333333333336,"['Multiple spaces', 'Multiple empty lines', 'Page numbers in content', 'Repeated headers/footers']",TRUE,990028424860204146,"Department of Communication Disorders,",1437680,
G:\.shortcut-targets-by-id\1cErCnP4Phe-Supo0U_ju1u-KMunC6Et6\Tau All Data\aws\part6\9933454215404146\12405962450004146\9933454215404146.pdf,123,123,0,"


























































































































",75,70,100,81.66666666666667,[],FALSE,9933454215404146,"בית הספר לעבודה סוציאלית ע""ש בוב שאפל,",48058045,
G:\.shortcut-targets-by-id\1cErCnP4Phe-Supo0U_ju1u-KMunC6Et6\Tau All Data\aws\part17\990032573780204146\12397283640004146\003257378.pdf,309,768412,139365,"אוניברסיטת תל

אביב
  
הפקולטה למדעי הרוח ע
""
ש לסטר וסאלי אנטי
  
המכו להיסטוריה ופילוסופיה של המדעי והרעיונות ע
""
ש כה
  
בית

הספר לפילוסופיה
  
  
  
  
 
  
  
 
 
  
  
  
  
  
  
שפות השיח התלמודי
: 
עיו פילוסופי בדרכי ההתהוות 
של ההלכה האמוראית
  
  
  
  
  
  
חיבור לש קבלת תואר 
""
דוקטור לפילוסופיה
   ""
 
מאת
  
 
אריאל פורסטנברג
  
  
מנחה
: 
פרופ
' 
מנח פיש
  
  
  
  
 
  
  
  
 
 
 
 
 
 
  
ה
וגש לסנאט אוניברסיטת תל

אביב
  
טבת
, 
תשס
""ח  

 
1
תודות  
 לאחר מסע לא ק",100,55,40,65,"['Multiple spaces', 'Multiple empty lines', 'Page numbers in content', 'Repeated headers/footers']",TRUE,990032573780204146,"בית הספר לפילוסופיה, בלשנות ולימודי מדע,",2676820,
G:\.shortcut-targets-by-id\1cErCnP4Phe-Supo0U_ju1u-KMunC6Et6\Tau All Data\aws\part2\9932993498304146\12395077190004146\9932993498304146.pdf,55,55,0,"






















































",50,70,100,73.33333333333333,[],FALSE,9932993498304146,"החוג למתמטיקה עיונית,",639523,
G:\.shortcut-targets-by-id\1cErCnP4Phe-Supo0U_ju1u-KMunC6Et6\Tau All Data\aws\part7\990025147120204146\12461483770004146\002514712.pdf,118,342038,57714,"אוניברסיטת תל־אביב
הפקולטה למדעי הרוח ע״ש לסטר וסאלי אנטין 
החוג לתרבות עברית - המגמה לתלמוד ולספרות העת העתיקה
הערלה והערלים בספרות היהודית העתיקה 
ויצירת היהודי הערל
חיבור זה הוגש כעבודת גמר לקראת התואר ״מוסמך אוניברסיטה״ ־ 
M.A
. 
באוניברסיטת ת״א
על 
:ידי ידידה קורן 
העבודה הוכנה 
:בהדרכת פרופ׳ ישי רוזן־צבי 
:תאריך אייר תשע״ד

תוכן ענייניט
מבוא.........................................................................................................................................ו
סקירת מחקר..",75,55,70,66.66666666666667,"['Page numbers in content', 'Repeated headers/footers']",TRUE,990025147120204146,החוג ללימודי התרבות העברית.,8065100,
G:\.shortcut-targets-by-id\1cErCnP4Phe-Supo0U_ju1u-KMunC6Et6\Tau All Data\aws\part9\990032653580204146\12397305160004146\3265358.pdf,85,170259,27321," אביב-אוניברסיטת תל
הפקולטה לרפואה ע""ש סאקלר 
המדרשה לתארים מתקדמים ע""ש מרים ושלדון ג' אדלסון 
החוג להפרעות בתקשורת
השפעת ההקשר המקדים וההקשר 
שלאחר המילה על פענוח המילה 
ההומוגרפית 
עבודה זו הוגשה כמילוי חלקי של הדרישות לקבלת התואר ""מוסמך אוניברסיטה"" מטעם 
אוניברסיטת תל אביב, בפקולטה לרפואה ע""ש סאקלר, בית הספר למקצועות הבריאות, החוג 
להפרעות בתקשורת 
מוגש על ידי: אוריה בראון 
מנחת המחקר: פרופ' דורית רביד 
און -ייעוץ: ד""ר עמליה בר

תודות
 
אבקש להודות לכל האנשים שעזרו לי במהלך המחקר, ובמיוחד- 
ל",75,30,60,55,"['Multiple spaces', 'Multiple empty lines', 'Page numbers in content', 'Repeated headers/footers']",TRUE,990032653580204146,"החוג להפרעות בתקשורת,",687306,
G:\.shortcut-targets-by-id\1cErCnP4Phe-Supo0U_ju1u-KMunC6Et6\Tau All Data\aws\part1\9932925891804146\12394485970004146\9932925891804146.pdf,194,199068,30888,"THESIS 
n$""W 
9flt 
4'it vô 
U'l]l]ILI Ui'fl""7-11' tuEl]'? UT19 fllTl]R 62(11 79R 
u'lr'7111W'7R U'11]""719J1 
""n'1ct7'Y rninprr"" iflnn n'ap Uw'? rn:'n 
in Ufl]T] 
:1:-'7fl fll2'C1J1J1 '7W i2]C'7 011fl 
1997 ini: 

T79 '7èflJl3]3 71C91-19 '7W lfl""flhilJ lflW133 11 1111313 

:fl]1T1] 112111 ')TflTl 
'2'7W '73 111N'7 flhl'UflJ 'TIlN 1'17il 1WN '7]) ,T79 '7N1Jfl]) 11U9119 ,7111`3'7 
111 I1fl2JJ 
(j?') 219])' 111JTfl ,111`11N fl""7'1]N 1109119 ,171)'71 11`1117N 11139119 :'lll]'7 
.1]'SJO 
,-n19 ITriJJ",65,80,75,73.33333333333333,"['Page numbers in content', 'Repeated headers/footers']",TRUE,9932925891804146,"בית הספר לכימיה,",7515737,
G:\.shortcut-targets-by-id\1cErCnP4Phe-Supo0U_ju1u-KMunC6Et6\Tau All Data\aws\part3\990025091040204146\12395802820004146\2509104.pdf,185,264729,44923,"L v 
Cכ-
-"" 
-.5 
.< 
"" 
אןניברסיטת
אביב-תל
הפקולטה
לרפואה
ביה""ס
למקציעית
הבריאית
החיג
לסיעיי
-
ההתנסות
הטיפולית
בחולה
זינוטה
למות
במסגרת
הבית
והשלכותיה
על
בני
המשפחה
עבודת
גמר
לתואד
מוסמך
האוניברסיטה
בסיעוד
מגישה:
מיכל
זר
אוקטובר1991 
rנy< 
///~ 
v.. 
'. 
~ 
r:נY.. 

אוניברסיטת
אביב-תג
הפקןלטה
לרפןאה
,,""כיה
למקציעית
הכריאית
החוג
ל""יעור
ההתנסןת
הטיפןלית
בחולה
הנןטה
למןת
במסגרת
הבית
ןהשלכותיה
על
בני
המשפחה
עבודת
גמר
לתואר
מוסמך
האוניברסיטה
בסיעוד
מגישה:
מיכל
זר
העבידה
היכבה
בהדרכת:
ד""ר
חןח
גולנדר",75,80,60,71.66666666666667,['Page numbers in content'],TRUE,990025091040204146,החוג לסיעוד,3485081,
G:\.shortcut-targets-by-id\1cErCnP4Phe-Supo0U_ju1u-KMunC6Et6\Tau All Data\aws\part7\9933610611404146\12436474570004146\9933610611404146.pdf,91,123559,19802,"82. i'f 
c-7 
ארנינרםיטח
אניב-חל
המחלקה
למיקררנירלרגיה
 /
ר
 )
 )(
,,.--
/ 
תגונה
חיםרניח
הרמררליח
אלנטיגנים
לש
נגיפי
םרטן
הדשMu/,f!'V) 
( 
והנחאטרםח
ע""ג
אתי
חטרל
סל
זני
ערבכים
סרנים
חיבור
זה
הוגש
כעברדח
גמר
לקראת
התואר
""מוםמן
למדעים""
של
ארנינרםיטח
אניב-חל
על
ידי
נרווח
קררנרנרט
ה
עבורה
הרכבה
במחלקה
למיקרוביולוגיה
של
אוביברםיטח
אביב-חל
בהדרכח
פורפ
י
 . א
רפנםדררף
ד"" וד
 .מ
בר-יעקב
אייר
חשמ""ב

ארנינרםיטח
אניב-חל
נבלקהnה
למיקררנירלרגיה
תגרנה
חיםרניח
הרמררליn אלנטיגנים
של
נגיפי
םרטר
הדשMuMrVJ 
( 
רה",75,70,70,71.66666666666667,"['Page numbers in content', 'Repeated headers/footers']",TRUE,9933610611404146,החוג למיקרוביולוגיה מולקולרית ולביוטכנולוגיה,1934066,
G:\.shortcut-targets-by-id\1cErCnP4Phe-Supo0U_ju1u-KMunC6Et6\Tau All Data\aws\part2\990022706910204146\12394958520004146\002270691.pdf,113,113,0,"
















































































































",75,70,100,81.66666666666667,[],FALSE,990022706910204146,"בית הספר לחינוך,",2011778,
G:\.shortcut-targets-by-id\1cErCnP4Phe-Supo0U_ju1u-KMunC6Et6\Tau All Data\aws\part9\990032644490204146\12397308430004146\003264449.pdf,110,226550,37200," 
אוניברסיטת תל-אביב 
הפקולטה למדעי הרוח ע""ש לסטר וסאלי אנטין 
החוג להיסטוריה כללית 
 
 
מחנות הריכוז  -  ""מחוץ למלחמה""
 
 ,מאי1945
 – החיילים האמריקנים מגיעים אל מחנות הריכוז 
 
 
 ""חיבור זה הוגש כעבודת גמר לקראת תואר ""מוסמך אוניברסיטה– 
M.A.
 
באוניברסיטת תל אביב 
 
 
על 
:ידי 
מרים רבי 
 
:העבודה הוכנה בהנחיית 
  ד""ר ב עז נוימן
ז""ל 
ד""ר יעל שטרנהל 
 
:תאריך   
17.5.2016

 
 
עבודה זו מוקדשת בכאב והערכה אין קץ 
לזכרו של 
 ד""ר ב
עז נוימן 
 
 -
 
.במלאת שנה ללכתו 
 

 
i 
 
תוכן העניינים 
מבוא 
",75,55,50,60,"['Multiple spaces', 'Multiple empty lines', 'Page numbers in content']",TRUE,990032644490204146,החוג להיסטוריה כללית,2245600,
G:\.shortcut-targets-by-id\1cErCnP4Phe-Supo0U_ju1u-KMunC6Et6\Tau All Data\aws\part7\9933610710604146\12436514150004146\9933610710604146.pdf,112,205658,38161,"  הישומישו הפשה לש םייביטינגוק םידומילל תינכותה
""לע
הימסילופ "" 
מיל"" סחיה ת
לע"" 
–
 
ש טבמב םיימסילופ םייוני
ו ינורכאידס  ינורכני
 א״מ ראותב רמג תדובע
תיביטינגוק תונשלב  
מ םוריול תנבל ידי לע שגו
רבמצד 
2023
 
ש םידומילה תנתד""פש  
תב הוח 'פורפ :החנמ-
זא ב
    טורקדליש

2 
תודות:
 
ע קשמ תא ונלוכ ונשגרה הב ,תינוחטבו תיתרבח הניחבמ תלטלטמ הפוקתב השגוהו הבתכנ וז הדוב
םיעורא .ונתנידמב םיחרזא תויהל לש תוירחאה לדוג תאו הירוטסהה יפנכ 
א וחכנו דבכ לצ וליטה ול
בע ןרקל תיעדמה הריקחה הכפה הביתכה תכאלמל סייג",75,55,60,63.333333333333336,"['Multiple empty lines', 'Page numbers in content', 'Repeated headers/footers']",TRUE,9933610710604146,"התוכנית ללימודים קוגניטיביים של השפה ושימושיה,",2686740,
G:\.shortcut-targets-by-id\1cErCnP4Phe-Supo0U_ju1u-KMunC6Et6\Tau All Data\aws\part4\990025568080204146\12396308180004146\2556808.pdf,179,179,0,"


















































































































































































",75,70,100,81.66666666666667,[],FALSE,990025568080204146,"החוג לפסיכולוגיה,",5323202,
G:\.shortcut-targets-by-id\1cErCnP4Phe-Supo0U_ju1u-KMunC6Et6\Tau All Data\aws\part2\990022710330204146\12395009040004146\002271033.pdf,98,98,0,"

































































































",75,70,100,81.66666666666667,[],FALSE,990022710330204146,"בית הספר לחינוך,",28192130,
G:\.shortcut-targets-by-id\1cErCnP4Phe-Supo0U_ju1u-KMunC6Et6\Tau All Data\aws\part7\990014262570204146\12412154430004146\001426257-הטאבו כקטגוריה של האסתטיקה המטפיסית.pdf,129,1673,246,"""M.A. - n\in 'YllJ 11l011l"" 
,,, )) 
1975 >t,C)J 





























































































































TEL-AVIV UNIVERSITY 
Faculty of Humanities 
Department 
of Philosophy 
This work ia presented as a Thesis 
tovarda the :1.A, Degree 
Tel-Aviv University 
M.ny, 
1975
,, 
Dina Gabbay 
Advisor Dr. Zvi Rosen 

ABSTRACT 
The aesthetic Interpretation of the com>ept of taboo, which Is 
the mafr, theme of this work, Is dravm fro",75,70,100,81.66666666666667,[],FALSE,990014262570204146,"החוג לפילוסופיה,",2118787,
G:\.shortcut-targets-by-id\1cErCnP4Phe-Supo0U_ju1u-KMunC6Et6\Tau All Data\aws\part4\990025574580204146\12396375820004146\2557458.pdf,131,131,0,"


































































































































",75,70,100,81.66666666666667,[],FALSE,990025574580204146,"החוג לפסיכולוגיה,",2044178,
G:\.shortcut-targets-by-id\1cErCnP4Phe-Supo0U_ju1u-KMunC6Et6\Tau All Data\aws\part14\990025587540204146\12396553320004146\2558754.pdf,110,262889,43860,"אוניברסיטת תל-אביב אוניברסיטת תל-אביב 
 
הפקולטה למדעי החברה ע""ש גרשון גורדון 
 
החוג ל
לימודי עבודה 
 
 
 
 
 
 
 
 
 רפורמות פנסיוניות בישראל– 
 
 
בין פסיקת בית הדין לעבודה לפסיקת בית המשפט העליון 
 
 
 
 
חיבור זה הוגש כעבודת גמר לקראת התואר 
 
 """"מוסמך אוניברסיטה- 
.מ.א 
 
באוניברסיטת תל-אביב 
 
 
 
 
 
 
על ידי 
מיכל בן-דב מילול 
 
 
 
 
 
 
:העבודה הוכנה בהדרכת 
פרופ' חיה שטייר 
ד""ר לילך לוריא 
 
 
 
 
 
(
 אדר תשע""ז- 
 מרץ2017
)
 
 
 
 
 

תוכן העניינים 
תקציר 
 'עמi
 
מבוא 
 
 'עמ1
 
 פ",100,45,50,65,"['Multiple spaces', 'Multiple empty lines', 'Page numbers in content', 'Repeated headers/footers']",TRUE,990025587540204146,"החוג ללימודי עבודה,",1619780,
G:\.shortcut-targets-by-id\1cErCnP4Phe-Supo0U_ju1u-KMunC6Et6\Tau All Data\aws\part6\9933475318604146\12410104750004146\9933475318604146.pdf,71,96317,15421,"בס""ד
אוניברסיטת תל-אביב 
הפקולטה לרפואה ע""ש סאקלר 
 המדרשה לתארים מתקדמים ע""ש מרים ושלדון ג' אדלסון
החוג להפרעות בתקשורת    
  ערכיות הפועל בשיח אם ילד
עבודה זו הוגשה כמילוי חלקי של הדרישות לקבלת התואר ""מוסמך אוניברסיטה"" 
 מטעם
 ,אוניברסיטת תל אביב, בפקולטה לרפואה ע""ש סקלאר, בית הספר למקצועות הבריאות
החוג להפרעות בתקשורת    
    מוגש על ידי: דבורה וייסינגר
בהנחיית
: פרופסור דורית רבי
ד   
___________: המנחה
חתימת____
  הגשה
תאריך 
:
04/02/2021

2 
 
 
תודות 
 תודתי נתונה בראש ובראשונה
לפרופסור ד",75,45,70,63.333333333333336,"['Multiple empty lines', 'Page numbers in content', 'Repeated headers/footers']",TRUE,9933475318604146,Department of Communication Disorders,1151952,
G:\.shortcut-targets-by-id\1cErCnP4Phe-Supo0U_ju1u-KMunC6Et6\Tau All Data\aws\part2\990022698960204146\12394895850004146\002269896.pdf,82,82,0,"

















































































",75,70,100,81.66666666666667,[],FALSE,990022698960204146,"בית הספר לחינוך,",1339330,
G:\.shortcut-targets-by-id\1cErCnP4Phe-Supo0U_ju1u-KMunC6Et6\Tau All Data\aws\part5\990030710550204146\12397150000004146\1952474.pdf,81,111495,18371,"אוניברסיטת
אביב-תל
הפקולטה
למדעים
מדויקים
ע''ש
ריימוכד
ובבדלי
סאקלר
שימושים
נבחרים
ויישומים
בטכניקות
שונות
של
תמווג
זרחן
בחקר
אורגנוזרחניים
חיבור
זה
הוגש
כחלק
מהדרישות
לקבלת
התואר
""מוסמך
אוניברסיטה""-
• 
M.Sc באוניברסיטת
אביב-תל
ביה''ס
לכימיה
על
ידי
עמרי
שגב
העבדוה
הוכנה
בהדרכתו
של
פרופ'
יורם
כהן
ובהדרכתו
של
ד""ר
ישי
קלוומבוס
מהמכון
הבילווגי
ציונה-בנס
אלול
תשס""ג
ספטמבר2003 

עבודה
זו
נעשתה
הבדרכתם
של
פרופי
יורם
כהן
 ,
אוניבסריטת
אביב,-תל
ד""ר
ישי
קולומבוס,
המכון
למחקר
ביולוגי,
נס
ציונה,
ובהשתתפותו
",75,55,70,66.66666666666667,"['Page numbers in content', 'Repeated headers/footers']",TRUE,990030710550204146,"בית הספר לכימיה,",6308375,
G:\.shortcut-targets-by-id\1cErCnP4Phe-Supo0U_ju1u-KMunC6Et6\Tau All Data\aws\part4\9933342551904146\12396327410004146\9933342551904146.pdf,130,130,0,"

































































































































",75,70,100,81.66666666666667,[],FALSE,9933342551904146,המחלקה למדע והנדסה של חומרים,27334067,
G:\.shortcut-targets-by-id\1cErCnP4Phe-Supo0U_ju1u-KMunC6Et6\Tau All Data\aws\part2\990022704050204146\12394950000004146\002270405.pdf,255,255,0,"






























































































































































































































































",75,70,100,81.66666666666667,[],FALSE,990022704050204146,"בית הספר לחינוך,",5072413,
G:\.shortcut-targets-by-id\1cErCnP4Phe-Supo0U_ju1u-KMunC6Et6\Tau All Data\aws\part7\9933734114404146\12454683420004146\9933728518804146.pdf,84,170219,28675," 
 
ההנידמה עדמ ידומילב ינש ראותל תינכת 
בםיימואלניב םיסחיו לשממ ,הנידמה עדמל רפסה תי 
הןודרוג ןושרג ש""ע הרבחה יעדמל הטלוקפ 
לת תטיסרבינוא-
אביב 
 
 
 
חוו  תסיפת :ילארשיה סופמקב םיניטסלפ םיטנדוטס תוי""ת םיזורד ,םיברעל ההובגה הלכשהה תשגנה תינכו
ו ידי לע ""םיסקר'צססופמקב םימסחה םע םתודדומתה יפואו םיניטסלפ םיטנדוט 
 
 
 
 
חראותה תארקל רמג תדובעכ שגוה הז רובי 
""מ ""הטיסרבינוא ךמסו– 
M.Aלת תטיסרבינואב .-
אביב 
לע-
יד י 
 
רןאענכ אש 
 
 
התכרדהב הנכוה הדובע 
פלאמ'ג למא 'פור 
 
 
 
 
 
 
 
 
י ראונ2023
",100,55,50,68.33333333333333,"['Multiple spaces', 'Multiple empty lines', 'Page numbers in content']",TRUE,9933734114404146,"בית הספר למדע המדינה, ממשל ויחסים בינלאומיים,",1691686,
G:\.shortcut-targets-by-id\1cErCnP4Phe-Supo0U_ju1u-KMunC6Et6\Tau All Data\aws\part7\9933556419704146\12435288740004146\9933556419704146.pdf,71,112539,18270," אביב-אוניברסיטת תל
הפקולטה לרפואה ע""ש סאקלר  
המדרשה לתארים מתקדמים ע""ש מרים ושלדון ג' אדלסון 
החוג להפרעות בתקשורת  
הפרעות קול בילדים:  
הקשר בין דיווח הילד, דיווח 
ההורים והערכה עצמית כללית 
עבודה זו הוגשה כמילוי חלקי של הדרישות לקבלת  התואר ""מוסמך אוניברסיטה"" מטעם 
אוניברסיטת תל אביב, בפקולטה לרפואה ע""ש סאקלר,   
בית הספר למקצועות הבריאות, החוג להפרעות בתקשורת  
מוגש על ידי:  שי גולדשטיין
 
  בהנחיית : פרופ' עופר אמיר
  :  תאריך הגשה
חתימת המנחה: ______________  08/2021   

 תודות 
לפרופ' ע",75,45,70,63.333333333333336,"['Multiple empty lines', 'Page numbers in content', 'Repeated headers/footers']",TRUE,9933556419704146,Department of Communication Disorders,1030279,
G:\.shortcut-targets-by-id\1cErCnP4Phe-Supo0U_ju1u-KMunC6Et6\Tau All Data\aws\part2\9932978582504146\12395012370004146\9932978582504146.pdf,80,80,0,"















































































",75,70,100,81.66666666666667,[],FALSE,9932978582504146,"בית הספר לעבודה סוציאלית ע""ש בוב שאפל,",1659636,
G:\.shortcut-targets-by-id\1cErCnP4Phe-Supo0U_ju1u-KMunC6Et6\Tau All Data\aws\part11\990025581400204146\12396457390004146\2558140.pdf,40,68154,11297,"אוניברסיטת תל אביב  
 הפקולטה למדעי
החברה 
 ע""ש
גרשון גורדון  
 בית הספר למדעי
הפסיכולוגיה  
המגמה הקוגניטיבית  
  
  
  
  
  
 הקשר שבין מיקומו במרחב של גירוי לבין ערכו הרגשי: עדות מבעלי
 דומיננטיות ימנית
ושמאלית  
  
  
  
עדו גלדי  
  
  
עבודה זו מוגשת כחלק מהדרישות לקבלת תואר מוסמך ב מגמה הקוגניטיבית  
 של בית הספר למדעי הפסיכולוגיה
באוניברסיטת תל אביב  
  
  
  
  
תל אביב 
 
 
 
 
 
 
 
 
 
 
 
 
 
 
 
 
 
 
 
 יוני2014
 

עבודה זו נעשתה בהדרכתו של  
פרופסור דניאל אלגום  
בית הספר לפסיכו",100,80,70,83.33333333333333,"['Multiple empty lines', 'Page numbers in content']",TRUE,990025581400204146,בית הספר למדעי הפסיכולוגיה,632365,
G:\.shortcut-targets-by-id\1cErCnP4Phe-Supo0U_ju1u-KMunC6Et6\Tau All Data\aws\part2\9932948199804146\12394729180004146\9932948199804146.pdf,84,126305,20187,"אוניברסיטת תל-אביב 
הפקולטה 
 למדעי הרוח ע""ש
לסטר 
 וסאלי
אנטין 
בית 
 הספר למדעי התרבות ע""ש שירלי
ולזלי פורטר 
התכנית ללימודים קוגניטיביים של השפה ושימושיה 
 
תפקודים ניהוליים והבנת שפה :הקשר בין 
הבנת שפה דו-
 משמעית
למנגנונים כלליים 
הקשורים באינהיביציה ובזיכרון עבודה 
 
 
 
עבודת 
 תזה לקראת תואר מוסמך אוניברסיטה– 
MA
 
 באוניברסיטת תל אביב 
מוגשת 
 :על ידי 
אלונה נעים 
 
 
 
העבודה הוכנה בהנחיית:
 
'פרופ 
 אורנה פלג וד""ר דפנה
ברגרבסט 
 
י יול 
2017
 

תוכן העניינים 
תקציר 
.................",75,30,70,58.333333333333336,"['Multiple empty lines', 'Page numbers in content', 'Repeated headers/footers']",TRUE,9932948199804146,"התוכנית ללימודים קוגניטיביים של השפה ושימושיה,",1337844,
G:\.shortcut-targets-by-id\1cErCnP4Phe-Supo0U_ju1u-KMunC6Et6\Tau All Data\aws\part12\9933199479604146\12395697150004146\9933199479604146.pdf,54,132460,21178,"1
                          בס""ד
   

2
 
 
שלמי תודה 
 
 
...דרך ארוכה עברתי בשלבי התואר השני 
ראיתי לנכון להוסיף תודה עמ:וקה לכמה אנשים השותפים בה 
תודה גדולה לפרו
פ ' ניצה כהן שתמיד תמכה, קידמה, העצימה וראתה מעבר הן ברמה האישית והן
 ברמה המקצועית. זו
הייתה 
 זכות עצומה
ללמוד ממך.
 
תודה לצוות המעבדה המדהים שתמיד עזר, הכיל ותמך. תודה למשה, למורן, לשיראל, לסי
ו ,ן
 לאורית, למור ולאמיר .היקרים 
 ,תודה גדולה לבעלי רותם
לבני אייל ולבני משפחתי על תמיכתה 
.ללא גבול 
.תודה לגלית ולניצה, מצוות הפקולטה",75,30,70,58.333333333333336,"['Multiple empty lines', 'Page numbers in content', 'Repeated headers/footers']",TRUE,9933199479604146,"החוג לביולוגיה תאית והתפתחותית,",3228611,
G:\.shortcut-targets-by-id\1cErCnP4Phe-Supo0U_ju1u-KMunC6Et6\Tau All Data\aws\part7\9933525417404146\12422784080004146\9933525417404146.pdf,141,301566,49402,"אוניברסיטת 
bn
 אביב 
התבנית ללימודי מסביבה
בסיוע ביה״ס בלימודי הסביבה ע״ש מוטו
מאפייני העבודה ביחס למקום והשימוש בו באמנות מושגית ובאדריכלות הנוף 
בשנות ה־70׳ 
,בישראל 
עבודתו של אדריכל הנוף גדעון שריג כמקרה מבחן
חיבור זה הוגש כעבודת גמר לקראת התואר ""מוסמך 
""אוניברסיטה
על ידי
אברת קרני הילדסהיים
העבודה נכתבה בהנחיית פרופ״ח אדריכלית נוף טל 
,אלק״מוזס המסלול לאדריכלות 
,נוף 
הפקולטה לארביטקטורה ובינוי 
,עדים 
.הטמיע
ובהנהיית ד״ר אדריכל עוץ 
,נוימן ביה״ס לאדריכלות ע״ש 
,עזריאלי הפקולטה 
,לאומנויות",75,55,70,66.66666666666667,"['Page numbers in content', 'Repeated headers/footers']",TRUE,9933525417404146,לא ידוע,10336484,
G:\.shortcut-targets-by-id\1cErCnP4Phe-Supo0U_ju1u-KMunC6Et6\Tau All Data\aws\part1\990011251530204146\12394495630004146\001125153.pdf,170,187702,34520,"חטיסוניװא
ינח-בובא
הטלוקפה
יעדמל
חורה
גוחה
חשלך
הירבע
ןוטבה
ויחשנןו
ןוסלנ
םיאנוװד
רמוח
הו
שגוה
חװנעב
רמג
תארקל
ראותה
ךמסומ""
'הטװחנינװה
*
”.ג.
חטווחגונואנ
א""ח
לע
:ידי
הלייא
יקצוךיךפ
הדובעה
הנבוה
:חבודהג
'פורפ
.צ.מ
יורק
ילוי1988
נא
ח""משת

ךא
אשונ
הדובעה
יתעגה
\נעוננ
.יעוקאב
יתיצר
הוונל
תא
""תחני
ןומךב
םיאנתה
ךותו
וויע
ךםוהנ
יתעגה
םיתמבך
םישיחממה
םיווותיה
ןושלל
.וז
ןויב
אםונבם
ה
אל
וקסע
וע
הב
.כךב
יתיאו
יל
וגוואד
תעור
,וב
םע
לכ
תויתייעבה
תבוךבת
וסותב
רמות
בותכ
ותואב
.ןיינע
הבות
המיענ
אית
תודוהל
.יחנ",75,80,60,71.66666666666667,['Page numbers in content'],TRUE,990011251530204146,"החוג ללשון העברית,",2172443,
G:\.shortcut-targets-by-id\1cErCnP4Phe-Supo0U_ju1u-KMunC6Et6\Tau All Data\aws\part16\990030433670204146\12397080650004146\003043367.pdf,109,250309,38398," 
 
אוניברסיטת תל-אביב 
הפקולטה למדעי הרוח ע""ש לסטר וסאלי אנטין 
החוג להיסטוריה של המזרח התיכון ואפריקה 
 
 
  
 ?ביחד או בנפרד 
 מבקשי מקלט דארפורים בישראל ושאלת עתיד
אזור דארפור כחלק מסודאן 
 
 
 חיבור זה הוגש כעבודת גמר לקראת התואר
 """"מוסמך אוניברסיטה– 
M.A.
 
 באוניברסיטת
תל-אביב 
 
על ידי :ענבל בן יהודה 
העבודה הוכנה בהנחיית: פרופ' גליה צבר 
 
 
 
 
 
 
 
 
 אוקטובר2016

 
  
 
תוכן 
 עניינים 
 
 
מבוא 
................................
................................
......................",75,45,50,56.666666666666664,"['Multiple spaces', 'Multiple empty lines', 'Page numbers in content', 'Repeated headers/footers']",TRUE,990030433670204146,"החוג להיסטוריה של המזרח התיכון ואפריקה,",2763310,
G:\.shortcut-targets-by-id\1cErCnP4Phe-Supo0U_ju1u-KMunC6Et6\Tau All Data\aws\part4\990025340560204146\12396098070004146\2534056.pdf,82,103635,17945,"11 
אןניברסיטת
אביב-תל
הפקןלטה
לרפןאה
ע""ש
סאקלר
החןג
לסיעןד
הקשר
ביו
עומס
נפשי1 מצוקה
פסיכולוגית
ושחיקה
בקרב
בנות
זוגם
של
מצונתרי
לב:
מחקר
מעקב
מוגש
כעבדות
גמר
לתואר
מוסמך
בסיעדו
באוניברסיטת
אביב-תל
מגישה
 :
גלעד-רןזנברג
ציפי
בהנחיית
:ד""ר
קןשניר
תלמה
ד""ר
אהרנפלד
מלי
מרץ2002 

תדוות
תדוות
לכל
המשתתפות
והשותפים
שבעזרתם
נערך
מחקר.זה
לדןןר
תלמה
קןשניר
על
ההנחיה
המקצןעיתן
התמיכהן
הסבלנןתן
העזרה
ןהעידןד
לאןרד
כל
שלבי
עריכת
המחק,ר
לדןןר
מלי
אהרנפלד
על
הליןןי
ןההכןןנהן
לגבן
דןרית
ןיגיסר
על
הסיןע
בעיבןדי",75,55,70,66.66666666666667,"['Page numbers in content', 'Repeated headers/footers']",TRUE,990025340560204146,לא ידוע,30046595,
G:\.shortcut-targets-by-id\1cErCnP4Phe-Supo0U_ju1u-KMunC6Et6\Tau All Data\aws\part8\990023616830204146\12395311540004146\2361683.pdf,121,121,0,"
























































































































",75,70,100,81.66666666666667,[],FALSE,990023616830204146,"בית הספר לחינוך,",1695768,
G:\.shortcut-targets-by-id\1cErCnP4Phe-Supo0U_ju1u-KMunC6Et6\Tau All Data\aws\part4\9933271095904146\12396025490004146\9933271095904146.pdf,87,151080,23725,"   אביב-אוניברסיטת תל
הפקולטה לרפואה ע""ש סאקלר 
המדרשה לתארים מתקדמים ע""ש ד""ר מרים ושלדון ג'  אדלסון
בית הספר  למקצועות הבריאות ע""ש שטייר  
החוג לסיעוד 
תפיסת בריאות של נשים חרדיות לעומת לא חרדיות בהקשר של 
אמונה בעולם צודק והבניה קוגניטיבית כגורם ממתן 
-עבודת גמר לקבלת  תואר ""מוסמך האוניברסיטה"" במדעי הבריאות
אביב. -באוניברסיטת תל
מוגש על  ידי: ענת רובינשטיין
טל  -בהנחיית: פרופ' יורם בר
2020  מאי

תו
דות 
 
 בראש ובראשונה תודתי 
 נתונה
לפרופ' יורם בר- 
 טל על ההדרכה, ההנחיה והליווי המקצועי בתקופ",75,40,50,55,"['Multiple spaces', 'Multiple empty lines', 'Page numbers in content', 'Repeated headers/footers']",TRUE,9933271095904146,החוג לסיעוד,940443,
G:\.shortcut-targets-by-id\1cErCnP4Phe-Supo0U_ju1u-KMunC6Et6\Tau All Data\aws\part7\9933599619804146\12434064630004146\9933599619804146.pdf,84,142092,22785,"אוניברסיטת תל-אביב 
הפקולטה לרפואה 
 המדרשה לתארים מתקדמים ע""ש ד""ר מרים ושלדון ג' אדלסון
ביה""ס למקצועות הבריאות ע""ש שטייר 
החוג לסיעוד           
אכילה רגשית, צמיחה פוסט טראומתית 
 והסתגלות
בקרב נשים לאחר כישלונות בטיפולי 
הפריה חוץ 
 גופית והקשר בינם לבין תמיכה
     חברתית וחוסן נפשי במצב שבו השליטה נמוכה
עבודת גמר לתואר ""מוסמך האוניברסיטה ""ב
מדעי הבריאות, 
באוניברסיטת תל-אביב            
    
חתימה 
 :
__________      
30.09.2023

I 
 
 
 
תוכן העניינים 
 
    
                                ",75,40,50,55,"['Multiple spaces', 'Multiple empty lines', 'Page numbers in content', 'Repeated headers/footers']",TRUE,9933599619804146,החוג לסיעוד,2405220,
